dealer link,car link
https://auto.ru/diler/cars/all/avto_start_krasnoyarsk/,https://auto.ru/cars/used/sale/renault/logan/1106288377-4f27026e/
https://auto.ru/diler/cars/all/avto_start_krasnoyarsk/,https://auto.ru/cars/used/sale/skoda/rapid/1105916811-f4fe9896/
https://auto.ru/diler/cars/all/avto_start_krasnoyarsk/,https://auto.ru/cars/used/sale/volkswagen/polo/1105916809-8a13d24f/
https://auto.ru/diler/cars/all/avto_start_krasnoyarsk/,https://auto.ru/cars/used/sale/renault/duster/1105916812-cf97bce0/
https://auto.ru/diler/cars/all/avto_start_krasnoyarsk/,https://auto.ru/cars/used/sale/renault/arkana/1106288378-79fa4bcc/
https://auto.ru/diler/cars/all/avto_start_krasnoyarsk/,https://auto.ru/cars/used/sale/renault/kaptur/1105686486-d1c52333/
https://auto.ru/diler/cars/all/avto_start_krasnoyarsk/,https://auto.ru/cars/used/sale/hyundai/creta/1106288375-ac88a282/
https://auto.ru/diler/cars/all/avto_start_krasnoyarsk/,https://auto.ru/cars/used/sale/chevrolet/niva/1105177757-a0d15f81/
https://auto.ru/diler/cars/all/avto_start_krasnoyarsk/,https://auto.ru/cars/used/sale/nissan/qashqai/1106199490-711da063/
https://auto.ru/diler/cars/all/avto_start_krasnoyarsk/,https://auto.ru/cars/used/sale/renault/sandero/1106288374-bec296ee/
https://auto.ru/diler/cars/all/avto_start_krasnoyarsk/,https://auto.ru/cars/used/sale/vaz/vesta/1106288376-c35323b7/
https://auto.ru/diler/cars/all/avto_start_krasnoyarsk/,https://auto.ru/cars/used/sale/hyundai/creta/1106277344-067815c4/
https://auto.ru/diler/cars/all/avto_start_krasnoyarsk/,https://auto.ru/cars/used/sale/nissan/qashqai/1106277345-ddddba15/
https://auto.ru/diler/cars/all/avto_start_krasnoyarsk/,https://auto.ru/cars/used/sale/vaz/xray/1105428927-38203186/
https://auto.ru/diler/cars/all/avto_start_krasnoyarsk/,https://auto.ru/cars/used/sale/nissan/terrano/1105957888-2330833f/
https://auto.ru/diler/cars/all/avto_start_krasnoyarsk/,https://auto.ru/cars/used/sale/nissan/juke/1105428926-0ab96c70/
https://auto.ru/diler/cars/all/avto_start_krasnoyarsk/,https://auto.ru/cars/used/sale/renault/arkana/1105746341-318a1f0b/
https://auto.ru/diler/cars/all/avto_sfera_krasnoyarsk/,https://auto.ru/cars/used/sale/uaz/patriot/1106169851-54a9343d/
https://auto.ru/diler/cars/all/avto_sfera_krasnoyarsk/,https://auto.ru/cars/used/sale/kia/sportage/1105523686-2e23ae57/
https://auto.ru/diler/cars/all/avto_sfera_krasnoyarsk/,https://auto.ru/cars/used/sale/nissan/qashqai/1106198877-566034f6/
https://auto.ru/diler/cars/all/avto_sfera_krasnoyarsk/,https://auto.ru/cars/used/sale/kia/sorento/1104813245-5d1246fd/
https://auto.ru/diler/cars/all/avto_sfera_krasnoyarsk/,https://auto.ru/cars/used/sale/hyundai/creta/1106310739-90a2e422/
https://auto.ru/diler/cars/all/avto_sfera_krasnoyarsk/,https://auto.ru/cars/used/sale/renault/kaptur/1105570037-ede336cc/
https://auto.ru/diler/cars/all/avto_sfera_krasnoyarsk/,https://auto.ru/cars/used/sale/nissan/x_trail/1106286826-b6a309e8/
https://auto.ru/diler/cars/all/avto_sfera_krasnoyarsk/,https://auto.ru/cars/used/sale/nissan/x_trail/1106276178-e5ab0ab0/
https://auto.ru/diler/cars/all/avto_sfera_krasnoyarsk/,https://auto.ru/cars/used/sale/nissan/terrano/1106286825-a1bf866c/
https://auto.ru/diler/cars/all/avto_sfera_krasnoyarsk/,https://auto.ru/cars/used/sale/hyundai/solaris/1106168844-e6b255f5/
https://auto.ru/diler/cars/all/avto_sfera_krasnoyarsk/,https://auto.ru/cars/used/sale/hyundai/ix35/1106234513-bc21f39a/
https://auto.ru/diler/cars/all/avto_sfera_krasnoyarsk/,https://auto.ru/cars/used/sale/nissan/qashqai/1105313356-7b476aa2/
https://auto.ru/diler/cars/all/avto_sfera_krasnoyarsk/,https://auto.ru/cars/used/sale/vaz/2121/1105737346-5e0a3d9d/
https://auto.ru/diler/cars/all/avto_sfera_krasnoyarsk/,https://auto.ru/cars/used/sale/nissan/murano/1106256726-8c98f717/
https://auto.ru/diler/cars/all/avto_sfera_krasnoyarsk/,https://auto.ru/cars/used/sale/hyundai/tucson/1105215323-bd5c1a0f/
https://auto.ru/diler/cars/all/avto_sfera_krasnoyarsk/,https://auto.ru/cars/used/sale/suzuki/sx4/1105325548-99d509b1/
https://auto.ru/diler/cars/all/avto_sfera_krasnoyarsk/,https://auto.ru/cars/used/sale/datsun/on_do/1106168843-a2bc40aa/