Сеть,url_orig,Имя,Текст отзыва,Дата отзыва,Оценка
РОЛЬФ,http://otzyvy.kitabi.ru/kompaniya/rolf?page=1,Сергей,"Приезжал в Рольф по страховому случаю для ремонта зеркала (оно не складывалось). Пока машина находилась там, они мне сломали само зеркало и поставили трещину на лобовом стекле. Решать проблему не хотят, мои запросы игнорируют. Приехал с одной проблемой, уехал с двумя новыми. Я думал, что у  официального дилера всегда всё четко. Оказалось, что они могут сломать лобовое и снять с себя ответственность за это.",02 февраля 2021,Отрицательная
РОЛЬФ,http://otzyvy.kitabi.ru/kompaniya/rolf?page=1,AlexKosaR,"Приехали с женой в автосалон Рольф сити для покупки автомобиля с пробегом Mitsubishi Outlander 3. Заранее созвонились с данным салоном, по телефону менеджер рассказал все как есть, договорились о встрече. По приезду нас сразу встретил менеджер Алексей Кониев. Очень добродушный, воспитанный и приятный человек. Без лишних слов мы отправились на площадку для осмотра автомобиля. При осмотре нас не торопили, не дергали, все тщательно осматривали. Алексей все рассказал про автомобиль, все показал. Без всяких тайн заблуждений и тд и тп. все было чисто и прозрачно. После того как мы полностью осмотрели автомобиль, нас все устроило, мы отправились оформлять документы.  Даже не смотря на то что в стране карантин, оформление документов прошло довольно быстро. Буквально за несколько часов нам оформили договор купли продажи, привезли автомобиль со стоянки и помыли его. По мимо всего прочего наш менеджер Алексей договорился о скидке на автомобиль, что было для нас просто великолепно. Так же на автомобиль мы получили 2 года гарантии на все узлы и агрегаты, а это просто огромный плюс при покупке автомобиля с пробегом. В общем я буду рекомендовать данный салон своим друзьям и знакомым, вся история автомобиля открыта и прозрачна. Менеджеры рассказывают все по делу, все как есть. Ничего не утаивают. Ездим мы с женой на нашем автомобиле без проблем. Ничего не гремит не глючит. Все прекрасно. О салоне а так же о менеджере Алексее который нам показывал автомобиль остались только хорошие впечатления !",22 мая 2020,Положительная
РОЛЬФ,http://otzyvy.kitabi.ru/kompaniya/rolf?page=1,Иван Андреевич,"Покупал в ноябре в Рольф Волгоградский двухлетний Hyundai H1 в трейд-ин, в обмен с доплатой на Mitsubishi Outlander. Спустя полгода все хорошо (тьфу-тьфу-тьфу) и без нареканий. Я даже догадываюсь, почему так получилось - аут выкупили примерно на 100к ниже рынка (новые летние мишлен я по умолчанию оставил себе), а Hyundai вышел примерно на 100к выше (-30к и наполовину шипованные колеса впридачу - нормальный комплект зимы Рольф также оставил себе)).Справедливости ради скажу, что несмотря на предварительный осмотр авто шаристым знакомым, купившим себе ранее в Рольфе старенький паджерик и помогший моему другу с покупкой пятилетнего Джипа в том же Рольфе, несмотря на полностью родной окрас Hyundai, отсутсвие даже намеков на ржу и внешнее/внутренне соответствие пробегу, окончательно успокоился я только спустя месяц после покупки - когда машину проверили у офф дилера и когда я лично пообщался с бывшим владельцем авто.Если воспринимать Рольф ни как базар, где продавец и покупатель пытаются друг друга обмануть, и тем более ни как добрых самаритянинов, готовых отдать вам машину «на миллион» за пол стоимости; а как инструмент для экономии времени, то вы не разочаруетесь.",19 мая 2020,Положительная
РОЛЬФ,http://otzyvy.kitabi.ru/kompaniya/rolf?page=1,Oskel,"Приобретал в данном салоне Фольцваген Тоурег 2016г. Менеджер вежливый, рассказал всё по авто, на все вопросы давал чёткие и внятные ответы. По авто заявленное техническое состояние соответствовало действительности (подборщик большего выявить ни чего не смог). Часть денег была взята в этом же салоне в кредит. Специалист по кредитованию быстро провела расчёт и подала заявку в банки, одобрение было уже через час с небольшим, ни каких поездок по банкам, всё на месте. Вменяемая ставка по кредиту, хорошие условия и цена на КАСКО. Немного долго проходило само оформление кредита, но несущественно. Менеджер по продажам авто не обманул подобрал отличный комплект колёс в сборе на литье по цене гораздо ниже рыночной. И так же подарили сертификат обслуживания на мой авто включающий обработку кузова.  В целом очень приятно порадовал уровень компании.",01 мая 2020,Положительная
РОЛЬФ,http://otzyvy.kitabi.ru/kompaniya/rolf?page=1,Rfhgtqrbyf,"16 апреля 2020г. Решила заключить договор и оплатить предоплату за Рено Каптур 2018г. В этом салоне. В связи с карантином две недели переписывалась с менеджером . Который присылал мне по интернету заключения приемщиков в каком идеальном состоянии этот автомобиль. И вот 23 апреля менеджер мне сообщил ""радостную"" весть, что 25 апреля им разрешили выдать автомобили. Оговорюсь, что живем мы в Брянске. Приехали мы в Москву 25.04.2020г. в 9 часов утра, а записаны были на 11 часов. Два часа просидели с мужем прождали нашего менеджера и вот нам показывают автомобиль в ""идеальном "" состоянии который со стороны пассажира весь поцарапан. С таким наглым обманом я сталкиваюсь впервые. Они наверно думали, что мы приехав из провинции ухватим то, что нам решили впихнуть. Хотя кто там живет и работает в Москве? Все кто выехал из глухой деревни. Никогда никому не посоветую ехать в Москву за автомобилем в РОЛЬФ. Теперь еще и вернуть предоплату которую я вносила оказалось проблемой.",27 апреля 2020,Отрицательная
РОЛЬФ,http://otzyvy.kitabi.ru/kompaniya/rolf?page=1,vphilatov,"Очень профессионально умеют разводить покупателей, убедят вас, что дают самый максимум, но не верьте. Возьмите паузу подумать.Забыли вещи после того как оставили? Пообщайтесь с ними, слесаря все прикарманят.Техническая оценка - я сдал машину с убитой рулевой рейкой и этого не заметили, соответственно покупать там очень опасно. По машине было два ДТП, коглаее выставил Рольф эти ДТП из базы куда-то исчезли. Мутные и не надёжные.",28 марта 2020,Отрицательная
РОЛЬФ,http://otzyvy.kitabi.ru/kompaniya/rolf?page=1,Baychman,"Один сплошной обман, ни одну цифру сразу не говорят, предлагают мнимые скидки за автомобили, берут деньги за бронь одного автомобиля, а потом предлагают совсем другой.Руководитель Динара ( ну какой руководитель, такой и салон) ничего четко сказать не может, ответ один ""ЕСЛИ ВАС ЧТО ТО НЕ УСТРАИВАЕТ МОЖЕТЕ ВАЛИТЬ ОТСЮДА"", горе продавцы, в частности Рома Стихов, родную маму продаст и глазом не моргнет, это не продажники это АФЕРИСТЫ!",27 марта 2020,Отрицательная
РОЛЬФ,http://otzyvy.kitabi.ru/kompaniya/rolf?page=1,Маргарита,"Купили в Рольфе авто по программе трейд ни в феврале 2020 (остальную сумму в кредит). Все было отлично, продавцы все мило улыбаются. Но приехав в ГИБДД на регистрацию машины, узнаём, что она находится в аресте у приставов и переоформить ее нельзя!!! Позвонив в Рольф, сотрудник нас успокоил, сказав что такое бывает, ничего страшного, мы все уладим не беспокойтесь. Но никаких действий не предпринималось 2 недели, пока мы не приехали в салон и не написали претензию. Сотрудники Рольфа обещали что вот вот все снимут, потом согласились поменять машину. Сказали выбирайте другую. Тратим время и нервы на выбор другой машины, но сотрудники просто перестают выходить на связь. Эта канитель длится уже месяц и постоянно они что-то обещают и обещают. До сих пор проблема не была решена. Поэтому совершенно не рекомендую покупку автомобиля в Рольфе. Никакой гарантии, что вы купите чистый и не битый автомобиль нет!",23 марта 2020,Отрицательная
РОЛЬФ,http://otzyvy.kitabi.ru/kompaniya/rolf?page=1,FavoritLuck,"Всем кто продаёт свою машину не советую тратить время на данный автосалон. Оценка производится из расчета ниже плинтуса, при том что перекупы давали мне за авто 1мил. р. сразу, не смотря, в салоне оценили в 900 и. р., при этом при разговоре по телефону просто говорят мы готовы купить у Вас автомобиль. Если же хотите оставить его на продажу внимательно читайте договор п.6.2., там ясно написано, что если Вы захотите расторгнуть договор, то придётся оплатить расходы автосалону, как то страховку, предпродажную подготовку, установку и снятие дополнительного оборудования и хранение Вашего авто. Так что проще будет оставить авто до его реализации, так и накапливается по 5000 авто на стоянке.",13 марта 2020,Отрицательная
РОЛЬФ,http://otzyvy.kitabi.ru/kompaniya/rolf?page=1,Alex,"Купил у них машину в январе 2020 года мерседес C250 с пробегом 67.321 2015 года, спрашиваю ? пробег реальный ? Говорят да, конечно реальный мы даем гарантию. В итоге зашел на автокод проверить для интереса и офигел пробег был скручен на более чем 70 тыс км, это жесть ребята. Будьте бдительны с этой конторой. Проверяйте всё внимательно. Не поленитесь проверить по вину машину ..PS. При этом я на следующий день не завЕл машину и за того что аккумулятор был дохлый. Пришлось покупать за 17к + к этому поехал купил себе резину на зиму приезжаю в шиномонтаж бац нет секретки , все обыскал, колеса никак не снять. Звоню им они говорят приезжайте к нам будем их приваривать и откручивать. У меня есть все доказательства что это дело ваших рук. Сейчас можно посмотреть на auto в автокоде всё про автомобиль и какой пробег был у прежних владельцев, там чётко указано первый владелец продавал с пробегом 115.000 второй 136.000 и третий автосалон рольф с пробегом 67.321 тыс , нормально так скрутили , освежили машину. Я бы с таким пробегом не за что бы не купил. Могу приложить все скриншоты.",12 марта 2020,Отрицательная
РОЛЬФ,http://otzyvy.kitabi.ru/kompaniya/rolf?page=1,Chaoticbd,"Брал новый ford explorer в рольф центр, спустя почти 3 года решил сменить авто, выяснилось что есть ЗАРЕГИСТРИРОВАННОЕ дтп за месяц до выдачи машины, после проверки выявилось что был заменен капот. При этом, естественно, мне по это ничего не сказали. Толщинометром в свое время не заметил этого, теперь не ясно как продавать эту машину. Будьте осторожны и проверяйте все внимательно...",09 марта 2020,Отрицательная
РОЛЬФ,http://otzyvy.kitabi.ru/kompaniya/rolf?page=1,Покупательмоскв,"Приобрели автомобиль с пробегом, который ещё был на гарантии, после начала эксплуатации обнаружилась проблема с конденсатом крышки двигателя, гарантийный случай. И вот тут начался развод, враньё. Если не хотите попасть на проблемы и деньги не связывайтесь ни с сервисом ни с покупкой авто с пробегом. Очень пожалели, раньше имели опыт сотрудничества с Автомиром и Мажором, такого впечатления никто не оставил. Видимо проблемы у них после преследования владельца Рольфа и выставления на продажу теперь не предполагают с ними связываться.",01 марта 2020,Отрицательная
РОЛЬФ,http://otzyvy.kitabi.ru/kompaniya/rolf?page=1,SLAVIKKL,"Уровень обслуживания стал ниже некуда! Посещал этот автоцентр 10.02.2020. Проходил ТО 15000. Согласовав ДОПОЛНИТЕЛЬНУЮ ОПЕРАЦИЮ "" снятие-установка защиты картера длительностью 0,6 нормо-часа (!!!), мастер принял автомобиль в работу. Уже после окончания ТО мастер на приемке заявил, что проверка уровня масла в АКПП не производилась, т к для этого необходимо снятие третьего листа защиты картера стоимостью 600 рублей, и в 0,6 нормочаса это не входит!!! После ТО с ОПЛАЧЕННОЙ (!) операцией "" снятие - установка защиты картера"" машину отдали со старой травой под защитой!!!! Видимо открутить дополнительно 2 болта очень сложно, руки, наверное, отсохнут от усталости! Кроме того, в стоимость расходных материалов включают некий "" комплект расходных материалов"". При этом свежей смазки на петлях дверей и т д, а также упаковки и флаконов в багажнике, подтверждающих его использование, не обнаружено! Во всех документах так и норовят вписать фразы о том, что клиент дает согласие на обработку и передачу персональных данных и данных об автомобиле третьим лицам. Вобщем, НЕПРОФЕССИОНАЛИЗМ, РАЗГИЛЬДЯЙСТВО И НИЗКОЕ КАЧЕСТВО РАБОТ!!! Обходите этот сервис стороной !!!",11 февраля 2020,Отрицательная
РОЛЬФ,http://otzyvy.kitabi.ru/kompaniya/rolf?page=1,Duplet,"27.01.2020 договаривался посмотреть авто с пробегом ваз 2114 28.01.2020 с утра. Приехав в салон в назначенное время и день 28.01.2020 менеджера не оказалось на месте это первый сюрприз, далее другой менеджер долго искал автомобиль и ключи, через 30 минут нашёл и мы пошли осмотривать авто, авто мне понравилось и я готов был его оплатить, но какое удивление было дальше, мне сказал менеджер, что машина продана, я был в большом удивление. Затем решил пожаловаться их руководству, на что мне ответили, что пока я осматривал авто за него внесли залог, хотя в салоне был один менеджер и то он был занят мной. Вывод: не когда не связывайтесь с ними. Жалобу оставил в центральный офис, надеюсь менеджера и его руководителя уволят!!!!",28 января 2020,Отрицательная
РОЛЬФ,http://otzyvy.kitabi.ru/kompaniya/rolf?page=1,Murometc,"При покупке автомобиля в этом автосалоне навязываются доп услуги. Пришлось оплатить почти 10000 за навязанное ТО. Машина была хорошая, по этому оказываться от нее не хотели. Нам выдали сертификат на ТО и договорившись на конкретное число мы с женой приехали в Рольф проводить ТО. Нас ""ждали"" к 11 часам. Мы приехали в 10:20 и отдав машину пошли пить кофе. Вернулись в 11:10 увидели,что к машине не притронулись. Я задал вопрос сотруднику, когда начнут заниматься нашей машиной? Сотрудник мне ответил, что какой-то там менеджер не пришел еще на работу и не могут открыть наряд на работу. Я сказал, что у меня нет времени сидеть и ждать пол дня, чтоб как то они решали вопрос. В 11:30 к нам подошел какой-то менеджер и сказал слова которые меня просто возмутили. Мы идем вам на встречу и начинаем работу с вашей машиной, сказал он. Тоесть я заплатил 10000 рублей за ТО, приехал даже раньше назначенного времени, а мне говорят типо ладно, так и быть, мы поработаем с вашей машиной!!! Тут конечно я не выдержал, и сказал что мне не надо идти на встречу, просто выполняйте мною оплаченную работу. Этот специалист дал команду слесарю отойти от машины и не трогать ее. В сертификате был указан номер телефона. Я позвонил, ответила девушка диспетчер. Я описал ситуацию, она переключила меня на другого специалиста. Музыку слушал минут 5, специалист не ответил. Опять таже девушка принесла мне кучу извинений, сообщила, что со мной свяжутся по телефону сразу как дозвонятся. Надо ли говорить что никто после так и не позвонил? Едем дальше. Видимо что-то до кого-то дошло, кого-то кто-то пнул и нашей машиной все же занялись. В сертификате были прописаны виды работ, Замена масла в двигателе, замена маслянного фильтра, воздушного, салона. Проверка работы электрооборудования. Еще, при продаже автомобиля, менеджер сказал, что когда вы пригоните авто на ТО, то его вам сначала помоют. Как вы догадались его никто мыть не собирался. Менеджер в зоне ТО ответил что нет необходимости. Ну да ладно, не так уж это важно. Слили масло, поменяли фильтр масляный, воздушный, салонный. Опустили машину и выгнали из бокса. Подходит к нам этот обиженный на нас менеджер, видимо из-за того, что мы решили что он все-таки должен был выполнить свою работу, и протягивает нам бумаги. Говорит, все работы проведены, можете ехать. Я прошу его перечислить все виды проведенных работ. Он конечно сказал, что масло поменяли, все фильтры. И говорит, что сделали проверку работы электрооборудования. Скажите, что в вашем понимании проверка электрооборудования? По мне так это как минимум диагностика. А вот этот менеджер оказался просто клоуном. Ответил что проверка проводится чисто визуально. На мой вопрос перечислить неисправности, выявленные в ходе ""проверки"" ответил, что у нас не горит левый стоп. Я спросил, что еще? Менеджер меня спрашивает, вы что, хотите еще полтора часа тут проторчать? Я отвечаю, я просто хочу знать что и как вы делали и что проторчим тут столько, сколько надо. Так вот дальше совсем цирк пошел. Менеджер отказался предоставлять мне перечень выявленных неисправностей при ""проверке"" работы электрооборудования и сказал, что проверка проводится чисто для них самих, а не для владельца авто. Дал нам 2 комплекта бумаг и отправил нас домой. Надо ли говорить, что при приеме машины с нас не затребовали никаких документов. После проведения ""ТО"" так же никаких документов не подписывали, ни акта приема-передачи, ни акта выполненных работ. В рем зоне грязища по пояс. Персонал обращается грубо, выглядят как с бодуна. Работать нехотят. Такие вот дела. Замена масла в Рольфе 10000 руб!!! Больше ни ногой туда.",26 января 2020,Отрицательная
РОЛЬФ,http://otzyvy.kitabi.ru/kompaniya/rolf?page=1,julay,"добрый день! Вот и я хочу поделиться своим отзывом о данном салоне. Покупалась машина б/у 30.11.2019 года Volkswagen Tiguan 2017 года. Как нас уверили в салоне в хорошем состоянии, с прекрасной диагностической картой, только скол небольшой на переднем правом крыле, в договоре никаких дефектов и повреждений не указано. Через 1.5 месяца на месте парковки машинка оставила под собой лужу масла. При обращении к менеджеру в салон с проблемой, тот отправил на инспекционный осмотр в Рольф Филиал Юг. Записавшись на осмотр, мне перезвонили с Рольф Юг и сказали, что инспекционный осмотр на мою машину проводить рано, так как не закончилась гарантия от производителя, но можно провести диагностику. Диагностика бесплатная, но если будут обнаружены не гарантийные повреждения, то за нее нужно будет заплатить 3800. Я согласилась. Сервисом была выполнена диагностика, в заключении которой было написано: НА БЛОКЕ ЦИЛИНДРОВ ДВС, В ОБЛАСТИ НАТЯЖИТЕЛЯ ЦЕПИ ГРМ ИМЕЮТСЯ СЛЕДЫ НЕКВАЛИФИЦИРОВАННОГО РЕМОНТА (ГЕРМЕТИК, ХОЛОДНАЯ СВАРКА), ВОКРУГ КОТОРЫХ СЛЕДЫ ТЕЧИ МАСЛА ДВС. ВЕРОЯТНА ТРЕЩИНА БЛОКА ЦИЛИНДРОВ. ТРЕБУЕТСЯ ЧАСТИЧНАЯ РАЗБОРКА ДЛЯ ДЕФЕКТОВКИ БЛОКА ЦИЛИНДРОВ ДВС. Я оплатила диагностику, залила масло, т. к при подъезде к сервису загорелся сигнал масла. Обратившись к сайту ГИПДД увидела историю повреждений машины. Проверка на участие в дорожно-транспортных происшествиях:Повреждения колёс (шин), элементов ходовой части, стекол, фар, указателей поворота, стоп-сигналов и других стеклянных элементов (в т. ч. зеркал), а также царапины, сколы, потертости лакокрасочного покрытия или пластиковых конструктивных деталей и другие повреждения. Вмятины, вырывы, заломы, перекосы, разрывы и другие повреждения с изменением геометрии элементов (деталей) кузова и эксплуатационных характеристик ТС.Вот как то так. Как принимают такие машины крупные салоны? Что за персонал проводит диагностику при покупке? При обращении в салон с предложение урегулировать данную ситуацию полюбовно, предложили написать претензию, чем я сейчас и занимаюсь.Вывод: Покупка б/у автомобиля в крупном салоне Рольф гарантирует вам приключения!",24 января 2020,Отрицательная
РОЛЬФ,http://otzyvy.kitabi.ru/kompaniya/rolf?page=1,петр алек,"История ,которая произошла сегодня--день второй в отделе трейд- ин РОЛЬФ НА ВОЛГОГРАДКЕ. Вчера посмотрели автомобиль, выбрали, определились по цене(после долгих торгов ).Договорились о сумме оплаты и аванса . Заказали деньги в банке ,обмен валюты, подобрали каско .Приехав в назначенное время, сказали подождать .Ждать пришлось 1.5-2 часа (Хотя все уже было решено вчера)даже химчистка и полировка были сделаны. После настойчивых расспросов и множественных походов менеджера к старшему менеджеру Александру, оказалось,что ждут одобрения кредита на это авто, причем другому человеку, хотя резерв стоял на нас.Александр ответил ,машину будут продавать другому в кредит и на 15 руб тыс дороже и что договоренность и резерв роли не играют - деньги это все . На вопрос не пострадает ли репутация компании и не боятся ли они отрицательных отзывов ,было сказано- деньги это все. Причем старший менеджер Александр повышал голос , кричал, нецензурно выражался, предлагал выйти во двор для разборок по-мужски. Все это происходило в присутствии работников, а главное маленького 4 летнего ребенка .Был звонок директору. Обещал разобраться, перезвонил через 10 мин и сказал, что авто продано и ничего поделать не может.Р,S Дорогие покупатели,читайте отзывы, делайте выводы.Там люди работают из 90- х ,которым наплевать на репутацию компании. на покупателей и самое главное на детей. Хочется узнать-- известно ли об этом учредителям компании,которые, думаю, тратят немалые деньги для привлечения клиентов.С руководством компании никто не соединяет.Кадровая политика и лояльность к клиентам отсутствуют. Единственным нормальным работником оказался наш менеджер Олег.Может это политика такая....вынужден требовать официальных извинений через публикацию отзыва.",26 декабря 2019,Отрицательная
РОЛЬФ,http://otzyvy.kitabi.ru/kompaniya/rolf?page=1,brick,"Покупал Hyundai Santa Fe c побегом в этом салоне через Автоподбор. РФ. Понравилось отношение продавца-консультанта Александра:все достоинства и недостатки показал и рассказал, на все просьбы шел на встречу, общительный, профессионал своего дела, терпеливый и ответственный. Оформил все быстро четко без нареканий. Побольше бы таких сотрудников, да и вообще людей. Просьба к руководству Роль Сити на Ярославском шоссе д.31 поощрять таких сотрудников как Александр за доброе отношение с клиентами, верность политики компании (минимальные скидки, чтобы не снизить цену ниже рынка) и компетентность. Спасибо за хороший автомобиль! Приятный бонус от Рольфа особенно для девушек-традиция при покупке автомобиля в салоне позвонить в колокол(супруга в восторге).",21 декабря 2019,Положительная
РОЛЬФ,http://otzyvy.kitabi.ru/kompaniya/rolf?page=1,OPERATOR,"Зашёл на сайт mitsubishi-sale.rolfcity.ru оставил заявку по поводу аутлендера перезвонили с номера 84957850505 я ответил, хотя мой Kaspersky Who определил этот номер как спам и нежелательный, сотрудники этой компании разговаривать не умеют, хомят и с издёвкой задают вопросы, я специально включил на громкую связь чтоб друзья поржали с этого недо-менеджера, похоже типичное быдло. Попросил рассказать про машину и цены, так этот менеджер-человек повторил с издёвкой мои слова и сказал, на сайте всё написано, смотри сам ! Такое отношение мерзкое, потом я решил завершить разговор с этим чувавеком))) он ответил а что ты рассматриваешь ещё, я говорю БМВ, он с издёвкой ухмыльнулся и заявил что их машины дешевле и тип проверил вру ли я или нет, спросил стоимость предполагаемого БМВ, все его вопросы шли с долькой унижения и оскорбления, видимо этот барин думал что все глупые, один он умный, доконсультировался. Короче, лес спец предложений.",11 декабря 2019,Отрицательная
РОЛЬФ,http://otzyvy.kitabi.ru/kompaniya/rolf?page=1,Andrew,"Умаслили бесплатным сертификатом на ТО автомобиля. Автомобиль купили. Пришло время ТО записались, привезли автомобиль. И слышим что по сертификату м ярославского шоссе на беговой обслуживать бесплатно не будут. Выяснилось что нужно ехать на ярославку в обязательном порядке. Почему я должен соединить не сообщающиеся 2 половинки головного мозга, почему они не могут решить это внутри компании, почему это проблема клиента мы же за сервис боремся и за клиента. Продавщица из СССР мне казалась канула в лету. Много лидов? Вот Гурьев Дмитрий зам начальника считает что много и вникать в проблемы клиента он не хочет. покупать больше там не будем.",08 декабря 2019,Отрицательная
РОЛЬФ,http://otzyvy.kitabi.ru/kompaniya/rolf?page=1,Monamatanec,"Покупали с женой машину в данном автосалоне, менеджер по автомобилям б/у при осмотре и выборе обещал одну скидку но после того как внесли деньги в кассу дал лишь половину того что говорил изначально. Но самое интересное у Вас начнется когда вы выберете автомобиль. Вы будете долго ждать решения банков, чтобы Вы устали и начали торопиться в подписании договоров. Банк ВТБ дал одобрение под 10.7% спустя полтора часа, с ОБЯЗАТЕЛЬНЫМ СТРАХОВАНИЕМ ЖИЗНИ И КАСКО...  ДРУГИХ ВАРИАНТОВ НЕ ОЗВУЧИВАЛОСЬ! Любой здравый человек имея выбор возьмёт кредит с немного большим процентом на меньшую сумму кредита, ее не зачем увеличивать! но не имея вариантов и проведя в салоне 4 часа мы согласились, так уже внесли 750 тысяч рублей на счёт автосалона! сотрудник ВТБ еще час мучал с составлением договора, дал жене карту помощи на дорогах сказав это бесплатно, подойдя к столу я увидел что в сумме кредита появилось 7000 лишних, сотрудник ВТБ сказал что это карта и он это сделал по причине что он нам сделал скидки на страховки на эту сумму но программа иначе не даёт составить кредит если он не внесёт эти деньги (абсурд)шёл шестой час и это с ребёнком 4-х лет. Чтобы потом не переплачивать сошлись на том что в период охлаждения можно расторгнуть данные договора страхования и получить повышенный процент 13.5 по кредиту но в итоге меньше переплатить! сделал договор я прочел и жена подписала, в момент когда я ушел к ребёнку, сей человечешка сделал доп соглашение к основному кредитному договору который мы читали и решили подписать, и подсунул жене внизу стопки документов, при этом не сказав что там изменения, так как я считал все что лежало, жена подписала а я не видел. В данном доп соглашение (которое только дома увидел)написано что В СЛУЧАЕ ОТКАЗА ОТ СТРАХОВАНИЯ И КАСКО ПРОЦЕНТ ПО КРЕДИТУ МЕНЯЕТСЯ ДО 18%А ТАКЖЕ НЕЛЬЗЯ МЕНЯТЬ ДОГОВОРА СТРАХОВАНИЯ НА ДРУГИЕ И ФИРМЫ, ИЗМЕНИЛ ПОРЯДОК НАЧИСЛЕНИЯ ПЕНИ, А ТАКЖЕ РЯДА ПУНКТОВ ОСНОВНОГО ДОГОВОРА!!!ДЛЯ ТЕХ КТО ХОЧЕТ ВЗЯТЬ КРЕДИТ НА АВТО! БЕРИТЕ ТЕЛЕФОН СНИМАЙТЕ ИЛИ ЗАПИСЫВАЙТЕ ПРЕДЛОЖЕНИЯ О якобы обязательном страховании жизни СОГЛАСНО ФЗ#353 не установлена обязательная страховка жизни, жаль что наказания как такого тоже нет! Кстати есть петиция об отмене, может поборем эту нечисть)в договоре вам напишут что вы согласились добровольно!!! с кредитом и остальным разберемся)уже написана жалоба в ВТБ НА ДАННОГО СОТРУДНИКА, при рассмотрение документов по жалобе, я буду настаивать на увольнение конечно документально заверенным этого сотрудника, также хотелось бы от РОЛЬФА действий по отношению к своему финансовому специалисту которая поддерживала сотрудника ВТБ и также говорила что только с со страховкой жизни кредит!!!! НО ВРЯДЛИ ДОЖДУСЬ, ОНИ НАПИШУТ ПРИШЛИТЕ ПЕРЕПИСКУ И ПОДТВЕРЖДЕНИЕ)К моему сожалению РОЛЬФ похож больше не на официального дилера а на серый салон с разводами. Спасибо РОЛЬФ и ВТБ.",04 декабря 2019,Отрицательная
РОЛЬФ,http://otzyvy.kitabi.ru/kompaniya/rolf?page=1,Аноним,"Из такой хорошей компании превратились в %скрыто модератором% ! Предлагают колоссальную, заманчивую скидку на авто при оформлении в кредит. Но когда доходит дело до окончания оформления сделки, навязывают подписать дополнительный договор о том, что если я откажусь от страховки жизни в течении 14 дней или остальных, навязанных в процессе доп. услуги, то придется им оплатить размер предоставленной скидки на авто. Оказывается эта скидка фальшивая и складывается из суммы доп. услуг и страховании жизни. В реальности машина выходит за туже стоимость, но с доп. услугами и страхованием жизни которая изначально завышена в 10 раз.",02 декабря 2019,Отрицательная
РОЛЬФ,http://otzyvy.kitabi.ru/kompaniya/rolf?page=1,Аноним,"Дважды пытались обменять в Рольфе машину по трейдину. Первый раз в СевероЗападе. В рекламе анонсируется скидка на приобретаемое авто, скидка за трейдин и скидка за кредит (т. к. мы планировали часть денег внести наличными, а часть брать в кредит). Так вот общая скидка с 5ти летней машины стоимостью 1млн200тыс составила 20 тысяч. Брать не стали. Спустя некоторое время дернуло обратиться опять в Рольф, на Звенигородском. Ну про оценку нашей машины по трейдину я промолчу, занижена максимально, но, в принципе, были уже к этому готовы после прошлого визита. Подали заявку на кредит, одобрение ждать крайне долго, просидели до вечера и уехали домой, по дороге пришло одобрение. На утро созвонились с кредитным менеджером, чтобы узнать условия, но кроме процентной ставки она ничего не сообщила, якобы, не грузится. Я дозвонилась до самого банка, предоставившего кредит, распросила у них про страховки, они сказали нам не нужно. Приезжаем в салон. На минуточку, живем глубоко в Подмосковье, ехать 3 часа в одну сторону. Очень просила кредитного менеджера сказать условия по телефону, чтоб не тратить время просто так, но нет. Приезжаем. Кредит одобрен, все прекрасно, но в нем 250 тысяч плюсом КАСКО и страхование жизни. Кредитный менеджер пыталась убедить, что это требование банка. Естественно, мы ушли, ничего брать не стали.Больше туда точно не поеду, уж лучше у частника купить",29 ноября 2019,Отрицательная
РОЛЬФ,http://otzyvy.kitabi.ru/kompaniya/rolf?page=1,Аноним,"В октябре 2019 г. покупала новую машину Creta в кредит. с трейдином.Вроде все чисто, красиво. Все улыбаются и стараются тебе помочь, а на самом деле сплошной развод. Менеджер %скрыто модератором% - еще тот еврей. Навязали страховок и ненужных услуг на 1500000 руб. Мурыжат целый день так, что к вечеру вообще не соображаешь, что подписываешь, хотя сама работаю с документами. К вечеру одно желание - уехать побыстрее оттуда. В итоге машина, на которую они якобы дали хорошую скидку, обходится также как и без скидок. Вся эта стоимость закладывается в ненужные страховки. Отказаться от них нереально, они и тут очень хитро все сделали. Дополнительное соглашение оформили.Самое плохое что нашу старую машину забрали за бесценок.На следующий день, когда все поняли, ощущение было гадкое, которое еще целый месяц длилось.Но это еще не все. После этого постоянно идут звонки от всяких %скрыто модератором% , салон сливает персональные данные. До этого мне таких звонков не поступало.Жаль, что перед покупкой отзывов не прочитала",22 ноября 2019,Отрицательная
РОЛЬФ,http://otzyvy.kitabi.ru/kompaniya/rolf?page=1,shpundel,Вчера купил фокус 3 в рольф Который в Вэйпарке. Заранее спросил сколько ключей от машины- мне сказали что два и по всем документам тоже два было. В итоге после оплаты оказалось что один. В целом был расстроен таким отношением.,16 ноября 2019,Отрицательная
РОЛЬФ,http://otzyvy.kitabi.ru/kompaniya/rolf?page=1,Светлана,"Менеджер продержал нас 3 часа (в основном ждали пока он освободится). Показал две машины. Сказал, что очень холодно (было около 15 градусов:)) и чтобы мы уже как-то побыстрее шли внутрь и видимо в направлении кассы. Наивный человек. Или совсем на глупых людей рассчитывает, что его манипулятивные техники сработают. Очень жаль потраченного времени на дорогу до этого салона и в проведённого в местном кафе. Ничем не помогли.Цены показались завышены. Почти все машины требуют дополнительных вложений/ремонта/замены чего-то там... Ну раз вы салон, то хоть подготовьте их к продаже, вы же ставит накрутку 25-30% от закупочной стоимости!!",23 октября 2019,Отрицательная
РОЛЬФ,http://otzyvy.kitabi.ru/kompaniya/rolf?page=1,Doctor,"Пытался купить в 16.08.2019 в этом поганом салоне авто с пробегом... менеджер обещал скидки и отличное состояние авто, по приезду выяснилось, что состояние ужасное, а чтобы получить скидку нужно дать денег менеджеру и 30000р, сказал, что он не себе просит, а есть руководитель Левченко Дмитрий и с ним приходится делиться. Я в шоке от такой системы, больше никогда в этот салон! Будьте осторожны и проверяйте состояние авто!Антон Исхаков",13 октября 2019,Отрицательная
РОЛЬФ,http://otzyvy.kitabi.ru/kompaniya/rolf?page=1,innafirs,"Отвратительный салон!!! У меня осталось впечатление, что окунулась в кучу Г---вна. Купили автомобиль, мало, что подсунули не 7, а 5 местный . Продавец %скрыто модератором% уверял нас, что мы именно этот хотели. Берет прайс сразу на другой авто. Сплошь обман, начиная с Трейд ина за 1 руб и т. д Кредитный договор со страховками, 500 тысяч скидки и тут же все в договоре. Не подписывайте не одного документа, особенно акта о приеме. пока вы не осмотрели свою машину. На улице в светлое время., проверьте вин, на битость. Пусть один человек остается в машине, а вы можете подписывать документы. Иначе мащину поменяют, уедете на другой. А может и не уедете, скажут, например, что с машиной что-то не то и надо подождать. В рем. зоне много битых новых машин!!! значит, кто-то их купит.!!! Заявление в прокуратуру, в суд. Нечего здесь говорить. Предстоят нам судебные разборки и т. д Мой телефон 8-916-409-30-70. Звоните, поделимся...",10 октября 2019,Отрицательная
РОЛЬФ,http://otzyvy.kitabi.ru/kompaniya/rolf?page=1,Dmitriysamara,"Вчера, 28.09.19 г, приобрели в Рольф Сити 2 паджеро спорт (за год уже третью машину берём в Рольф Сити). Хочется сказать, ОГРОМНОЕ спасибо этому салону, а именно Давиду (менеджер), Дмитрию и Сергею (трейд ни), Валентине (оформляла страховку) и Семену (МСбанк). Вы очень дружная и слаженная команда !!! От каждого из них зависит, когда вы поедете на новом своём Авто, в этот раз я уехал в 14.00, а это очень быстро считается. Ребята так держать!!! Ещё раз спасибо вам!!!Мы покупали Митцубиши и там никаких проблем нет.Всем привет из Самары от Дмитрия!!! У нас дороже эти Авто",29 сентября 2019,Положительная
РОЛЬФ,http://otzyvy.kitabi.ru/kompaniya/rolf?page=1,alionalavazza,"Покупала у них машину в середине июня 2019. приехала с наличными и только тогда менеджер по продажам сказал, что у машины один ключ. долго торговались. в итоге, на мой взгляд, скидку дали недостаточную чтобы покрыть приобретение второго ключа, которое мне стоило 22 тыс рублей у офиц автодилера (единственный возможный путь). дав скидку, тут же в приказном тоне заставили написать на бумаге положительный отзыв о продажнике. видимо так себя обезопасили от моих дальнейших претензий. очень неприятный момент было. застраховали в салоне по ОСАГО, сотрудник допустил серьезную ошибку в полисе. в нем по ошибке было написано, что у меня кабриолет. т.е. я 3 месяца ездила с филькиной грамотой. если бы не моя внимательность так бы и ездила до первого не дай Бог ДТП. также в салоне застраховали в Ингосе по угону-тоталу, хотя прекрасно знали, что у меня один ключ и страховка действовать не будет в случае угона. до сих пор воспоминания об общении с этим салоном весьма неприятны. такое впечатление, что их лозунг: не обманешь - продашь.",20 сентября 2019,Отрицательная
РОЛЬФ,http://otzyvy.kitabi.ru/kompaniya/rolf?page=1,Natasha,"1. Потеряли полдня на сделке, вместо обещанных 2 часов (автомобиль хендай туссан).2. Переплатили за кредит 200 тыс, о которых умолчал и менеджер по продажам Роман С., и продавец-консультант отдела прдаж финансовых услуг Никифирова Светлана. Узнали об этом уже после внесения части денег, при подписании договора. 3. Оплатили постановку авто на учет в салоне, первый раз менеджер перезвонил и перенес дату, второй раз назначили дату, муж приехал забирать машину, но никто и не собирался ставить ее на учет. Только с 3 попытки и очень гневного нашего звонка руководству, автомобиль был поставлен на учет.4. При покупке машины мы четко обговорили условия оформления кредита на мужа, а машины на жену. Нас убедили, что никаких проблем не возникнет и все оформили там же, в салоне. Как только передали копию ПТС в банк, пришел ответ, что банк выставил нам штраф в 50 тыс. Оказывается, так нельзя было оформлять. Но Никифорова и об этом умолчала. Пришлось снова все переоформлять, с этим, правда, помог менеджер Роман.",19 сентября 2019,Отрицательная
РОЛЬФ,http://otzyvy.kitabi.ru/kompaniya/rolf?page=1,svvov,"Решил в выходной день опробовать перед покупкой машинку и записался на тест-драйв. Прибыв ко времени был уведомлен, что сейчас у менеджеров собрание и нужно подождать. (Как славно, что на предприятии возродились традиции проведения партийных собраний в рабочее время). Поинтересовавшись о чем собрание я присел в ожидании... через пол часа появился менеджер и предложил попить кофе пока он приготовится к работе. Еще через 20 минут он вернулся в белой рубашке и сообщил мне, что машина в ремонте, но он готов мне рассказать о ее преимуществах...И тут я вспомнил, что в Москве еще десяток салонов готовых дать посидеть в авто и даже предложить скидку на покупку.С тем и уехал потеряв несколько часов выходного дня.Видимо стало совсем плохо у Рольфа... клиенты им не нужны... Ну или совсем хорошо... тогда клиенты тем более не нужны.",07 сентября 2019,Отрицательная
РОЛЬФ,http://otzyvy.kitabi.ru/kompaniya/rolf?page=1,Ясенперец,"В Рольф обращались до этого ПЯТЬ раз. Каждый раз царапали некоторые мелочи вроде: ""ач, простите забыли!"", но опять же по мелочи.Черт дернул обратиться в шестой.Нужно было сдать любимый, свежий и в максимальной комплектации автомобиль и поменять на по-проще. Чтобы купить что-то нужное, надо продать что-то нужное. Приценились, пообещали и еще страховку, и еще резину в подарок.Приехали. Учтите - привычка мурыжить людей весь день - это просто, чтобы часов в 7 вечера уже и искать куда-то ехать к конкурентам, было невмоготу.Оценили на 60 !!! тысяч меньше, хотя сами же сказали, что машина в идеальном состоянии. На замену читали и еще раз перечитывали уже у их то что есть, подходящее по стоимости. Продавец пел как кенор, когда выбирали из двух и остановились на той у которой пробег меньше. ""Она такая же, только камер нет, а парктроники и там и там""!.Выехали уже посл 22 !!!! Оценщик тихо притырил ключи от сданной машины в карман (оба почти 6 тысяч), чтобы не светились, авось от усталости и не припомят. Страховку уже никто и не предлагает в подарок, как и зимние колеса - те только зо 50 %. На душе гадостно и полное ощущение, что тебя вываляли в рольфовской мелкоуголовной грязи.Приехали. Паркуюсь - парктроника НЕТ НИ ОДНОГО!!!! ВООБЩЕ!!!!!Пишу продавцу: ""Виктор, вы мне ту машину вообще выдали???? "" - ответ вас позабавит. ""Ой просите, был уверен, так много всех машин, установите лучше камеру за 9 500"".Была еще переписка, но в стиле ""сами лохи педальные"", хотя и скан их страницы с машиной скидывала, и он полностью признавал, что обещал и доказывал наличие парктроников.Жалоба в Роспотребнадзор, Претензия им. До встречи в суде.То что их руководство ВСЕ под уголовным расследованием - правильно, всю компанию они поставили на %скрыто модератором% рельсы, заточенные под обман, развод клиентов.Они для рольфа пыль, быдло и лохи для доения своих немыслимых прибылей.",06 сентября 2019,Отрицательная
РОЛЬФ,http://otzyvy.kitabi.ru/kompaniya/rolf?page=1,ДВВ,"Спасибо ребятам из Рольф-сити на Ярославке которые занимались моей машиной. И новой и старой. Покупал через трейдин. Перед покупкой почитал в интернете о том кто и как покупал.  Закрались большие сомнения, но машине 11-й год - надо менять. Поездил по салонам, по приценялся - остановился на Рольфе. Общался с менеджерами Дмитрием Медведевым, по покупке нового, и с Никитой Пожичкиным и Дмитрием Востряковым по трейдин. Все что мы оговорили было выполнено. Не знаю как машина будет ездить, но из салона ушел без всяких задних мыслей. В первый же день эксплуатации 31.08.2019 из-за неопытности возник первый косяк. Ездил раньше на механике, а тут вариатор. Машина взбрыкнула и захотела заводиться. Позвонил в салон Д. Медведеву, объяснил что к чему, получил пояснения, исправил свои же и ошибки и вперед. Ни по деньгам, ни по срокам не было никаких разводов, хотя с деньгами был напряг и думал - откуда прилетит. Но сколько оговорили столько и заплатил, что обещали то и дали. Еще раз спасибо, надеюсь что в процессе эксплуатации буду ездить только на ТО. Владимир",03 сентября 2019,Положительная
РОЛЬФ,http://otzyvy.kitabi.ru/kompaniya/rolf?page=1,Не состоявшийся,"Авто с пробегом. Менеджер Не представился, не уточнил как зовут, общался хамовато и явно без желания поднимать пятую точку со стула. На вопрос где можно посмотреть авто-ответил что нужно идти за эстакаду. Странный салон.",24 августа 2019,Отрицательная
РОЛЬФ,http://otzyvy.kitabi.ru/kompaniya/rolf?page=1,Nesteroff,"Купил в рольф в этом году 2 автомобиля с пробегом и с гарантией Рольф. С первой все нормально. Со второй машиной вчера возникла проблема: жена на трассе остановилась и сигналка перешла в аварийный режим.  Отключить ее можно было только кнопкой valet. Где она находится, естественно, она не знала, тк машина с пробегом. Завести машину, само собой, было невозможно. Жена позвонила в Рольф Вэйпарк, где и покупали авто, и попросила менеджера связаться с предыдущим владельцем, чтоб узнать где спрятана кнопка аварийного отключения сигналки. На что менеджер ее просто послал. Я подключился к данному вопросу, вышел да директора дц. Он пообещал решить немедленно этот вопрос. Однако, так и не перезвонил мне. В итоге мы заплатили 15.000 рублей, что приехал электрик из ближайшего населённого пункта, который находился за 200 км и отдельно оплатили ему дорогу. Поэтому считаю, что в рольф вэйпарк, которые себя позиционируют самой крупной площадкой, абсолютно неклиентооринтированный директор и персонал. Больше рольф для меня не существует. Хотя до этого, я раз в 7-8 месяцев обновлял у них автомобиль. И принёс компании кучу денег. И они так хамски, грубо и неклиентоориентированно ко мне отнеслись.",21 августа 2019,Отрицательная
