brand,img,count
ALFA ROMEO,https://www.oneclickdrive.com/application/views/img/brands_png/Alfa-Romeo-02.png?ver=3.3,2
ASTON MARTIN,https://www.oneclickdrive.com/application/views/img/brands_png/aston-martin.png?ver=3.3,1
AUDI,https://www.oneclickdrive.com/application/views/img/brands_png/audi.png?ver=3.3,96
BENTLEY,https://www.oneclickdrive.com/application/views/img/brands_png/bentley.png?ver=3.3,25
BMW,https://www.oneclickdrive.com/application/views/img/brands_png/bmw.png?ver=3.3,93
CADILLAC,https://www.oneclickdrive.com/application/views/img/brands_png/cadillac.png?ver=3.3,24
CHANGAN,https://www.oneclickdrive.com/application/views/img/brands_png/changan.png?ver=3.3,1
CHEVROLET,https://www.oneclickdrive.com/application/views/img/brands_png/Chevrolet.png?ver=3.3,77
CHRYSLER,https://www.oneclickdrive.com/application/views/img/brands_png/chrysler.png?ver=3.3,2
CITROEN,https://www.oneclickdrive.com/application/views/img/brands_png/citroen.png?ver=3.3,4
DODGE,https://www.oneclickdrive.com/application/views/img/brands_png/dodge.png?ver=3.3,38
FERRARI,https://www.oneclickdrive.com/application/views/img/brands_png/ferrari.png?ver=3.3,13
FIAT,https://www.oneclickdrive.com/application/views/img/brands_png/fiat.png?ver=3.3,2
FORD,https://www.oneclickdrive.com/application/views/img/brands_png/ford.png?ver=3.3,1
GAC,https://www.oneclickdrive.com/application/views/img/brands_png/gac.png?ver=3.3,96
GENESIS,https://www.oneclickdrive.com/application/views/img/brands_png/genesis.png?ver=3.3,25
GMC,https://www.oneclickdrive.com/application/views/img/brands_png/gmc.png?ver=3.3,93
HONDA,https://www.oneclickdrive.com/application/views/img/brands_png/honda.png?ver=3.3,24
HYUNDAI,https://www.oneclickdrive.com/application/views/img/brands_png/hyundai.png?ver=3.3,1
INFINITI,https://www.oneclickdrive.com/application/views/img/brands_png/infiniti.png?ver=3.3,77
JAC,https://www.oneclickdrive.com/application/views/img/brands_png/jac.png?ver=3.3,2
JAGUAR,https://www.oneclickdrive.com/application/views/img/brands_png/jaguar.png?ver=3.3,4
JEEP,https://www.oneclickdrive.com/application/views/img/brands_png/jeep.png?ver=3.3,38
KIA,https://www.oneclickdrive.com/application/views/img/brands_png/kia.png?ver=3.3,13
LAMBORGHINI,https://www.oneclickdrive.com/application/views/img/brands_png/lamborghini.png?ver=3.3,4
LAND ROVER,https://www.oneclickdrive.com/application/views/img/brands_png/land-rover.png?ver=3.3,65
LEXUS,https://www.oneclickdrive.com/application/views/img/brands_png/lexus.png?ver=3.3,2
MASERATI,https://www.oneclickdrive.com/application/views/img/brands_png/maserati.png?ver=3.3,2
MAZDA,https://www.oneclickdrive.com/application/views/img/brands_png/mazda.png?ver=3.3,17
MCLAREN,https://www.oneclickdrive.com/application/views/img/brands_png/mclaren.png?ver=3.3,5
MERCEDES BENZ,https://www.oneclickdrive.com/application/views/img/brands_png/mercedes-benz.png?ver=3.3,88
MG,https://www.oneclickdrive.com/application/views/img/brands_png/mg-01.png?ver=3.3,13
MINI,https://www.oneclickdrive.com/application/views/img/brands_png/mini.png?ver=3.3,3
MITSUBISHI,https://www.oneclickdrive.com/application/views/img/brands_png/Mitsubishi.png?ver=3.3,3
NISSAN,https://www.oneclickdrive.com/application/views/img/brands_png/nissan.png?ver=3.3,14
OPEL,https://www.oneclickdrive.com/application/views/img/brands_png/opel.png?ver=3.3,88
PEUGEOT,https://www.oneclickdrive.com/application/views/img/brands_png/peugeot.png?ver=3.3,35
PORSCHE,https://www.oneclickdrive.com/application/views/img/brands_png/porsche.png?ver=3.3,138
RENAULT,https://www.oneclickdrive.com/application/views/img/brands_png/renault.png?ver=3.3,7
ROLLS ROYCE,https://www.oneclickdrive.com/application/views/img/brands_png/rolls-royce.png?ver=3.3,5
SKODA,https://www.oneclickdrive.com/application/views/img/brands_png/skoda.png?ver=3.3,18
SUZUKI,https://www.oneclickdrive.com/application/views/img/brands_png/suzuki.png?ver=3.3,8
TESLA,https://www.oneclickdrive.com/application/views/img/brands_png/tesla-01_new.png?ver=3.3,316
TOYOTA,https://www.oneclickdrive.com/application/views/img/brands_png/toyota.png?ver=3.3,15
VOLKSWAGEN,https://www.oneclickdrive.com/application/views/img/brands_png/volkswagen.png?ver=3.3,17
