url,Видео,Фото,Цена при резерве онлайн,Минимальная цена,Экстерьер,Интерьер,Комфорт,Безопасность,Мультимедийные системы и связь,Противоугонные системы,Общее,Тип двигателя,"Объем двигателя, л","Мощность двигателя, л.с.","Максимальный крутящий момент, Н•м","Загородный расход, л/100 км","Городской расход, л/100 км","Смешанный расход, л/100 км","Время разгона до 100 км/ч, с",Тип КПП,Количество передач КПП,Тип Привода,Тип кузова,Количество дверей,"Объем багажника, л","Длина, мм","Ширина, мм","Высота, мм","Дорожный просвет (клиренс), мм",Гарантия,Цвет,Кузов,Класс,Салон,Адреса салонов,Другие варианты в наличии,Авто с пробегом,Год выпуска,Теги,Автосалон где купить,Доступные цвета,Trade-In,Кредит минимальная цена,Выгода,В наличии в городе,Марка,Модель,Комплектация
https://www.major-auto.ru/cars/brands/renault/kaptur/1395102/,,https://www.major-auto.ru/images/models/renault/kaptur/15184/15184_medium.jpg,1881000,1661000,Темно-серый металлик с черной крышей<section>Хромированные боковые молдинги<section>Передние и задние брызговики<section>Передние и задние бамперы в цвет кузова<section>Задний бампер с хромированной накладкой<section>Хромированная накладка на выхлопную трубу<section>Хромированые вставки на решетке радиатора<section>17’’ легкосплавные диски,Кожаная оплетка руля<section>Индикатор переключения передач<section>Цифровой спидометр<section>Элементы центральной консоли в цвете черный глянец<section>Комбинированная обивка сидений: текстиль/кожа черного цвета<section>Окантовка центральных воздуховодов и Панель мультимедиа в цвете черный глянец,"Пакет ""Winter 2""<section>Подогрев задних сидений<section>Обогреваемые форсунки омывателя лобового стекла<section>Датчик внешней температуры<section>Датчики дождя и света<section>Регулировка сиденья водителя по высоте<section>Регулировка руля по высоте<section>Солнцезащитные козырьки со встроенным зеркалом для водителя и переднего пассажира<section>Полка багажника с  отделениями для мелочей<section>Бесключевой доступ к бензобаку<section>Климат-контроль<section>Обогрев лобового стекла<section>Обогрев заднего стекла<section>Электроусилитель рулевого управления с регулировкой усилия в зависимости от скорости<section>Передние и задние электростеклоподъемники, импульсный со стороны водителя<section>Центральная консоль с двумя подстаканниками и сдвижным подлокотником с отделением для хранения<section>Автоматическое запирание центрального замка (активация через кнопку центрального замка)<section>Индикатор низкого уровня жидкости омывателя<section>Ключ-карта с функциями ""свободные руки"" и автоматической блокировки/разблокировки автомобиля<section>Подогрев рулевого колеса","Повторители сигнала поворота в наружных зеркалах заднего вида<section>Камера заднего вида<section>Задний парктроник<section>ABS с электронным распределением тормозных усилий и режимом экстренного торможения AFU<section>ESP (система стабилизации курсовой устойчивости) + HSА (система помощи при трогании на подъеме)<section>Подушки безопасности водителя и переднего пассажира<section>Деактивируемая подушка безопасности переднего пассажира<section>Передние боковые подушки безопасности<section>Cистема креплений ISOFIX на задних боковых сиденьях<section>Трехточечные ремни безопасности на задних сиденьях<section>Регулировка ремней безопасности на передних сиденьях по высоте<section>Система ""ЭРА-ГЛОНАСС""<section>Светодиодные противотуманные фары с функцией дополнительного освещения поворотов","Задние USB разъемы, 2 шт.<section>Мультимедийная система Easy Link c сенсорным экраном 8"",  с поддержкой  Yandex.Auto, Apple Carplay и Android Auto ®, 6-ю динамиками<section>Антенна ""акулий плавник""",Иммобилайзер,Защита бамперов спереди и сзади<section>Бортовой компьютер<section>Подготовка двигателя к запуску в холодном климате<section>Защита колесных арок<section>Кнопка запуска двигателя Start/Stop<section>Режим Eco<section>Стальная защита картера и топливной системы<section>Набор автомобилиста с 2021 года про-ва,Бензиновый,1.6,114,156,6.0,8.6,6.9,13.8,Вариатор,0,Передний,Внедорожник 5,5,1200,4333,1813,1613,205,3 года или 100000 км,Темно-серый металлик с черной крышей,Внедорожник,Кроссовер,Комбинированная обивка сидений: текстиль/кожа черного цвета,"г. Москва, Цветочный пр-д, 6
ежедневно с 8.00 до 22.00<section>г. Москва, Новорижское ш. 9 км от МКАД
ежедневно с 8.00 до 22.00","https://www.major-auto.ru/cars/brands/renault/kaptur/1395101/,https://www.major-auto.ru/cars/brands/kia/sportage-iv/1407107/,https://www.major-auto.ru/cars/brands/kia/sportage-iv/1406171/,https://www.major-auto.ru/cars/brands/mercedes/glc-x253/1404956/","https://www.major-auto.ru/cars/moscow/renault/kaptur/1400992/,https://www.major-auto.ru/cars/moscow/renault/kaptur/1403136/,https://www.major-auto.ru/cars/moscow/renault/kaptur/1400803/,https://www.major-auto.ru/cars/moscow/renault/kaptur/1406942/",2021,"В поставке 20.12.2021,с ПТС","https://www.major-auto.ru/locations/moscow/renault_novorig/,https://www.major-auto.ru/locations/moscow/renault_cvet/",,70000,,100000,В поставке в Москву,Renault,Kaptur,Style 1.6 CVT
https://www.major-auto.ru/cars/brands/peugeot/2008_ii/1404366/,https://www.youtube.com/embed/mPyA7RetYos?rel=0,https://www.major-auto.ru/images/models/peugeot/2008_new/27481/27481_medium.jpg,2444000,,"Синий Bleu Vertigo<section>17"" легкосплавные диски + компактное запасное колесо<section>Черные глянцевые рейлинги<section>Решетка радиатора с темным хромированием<section>Хромированные патрубки выхлопной системы<section>Ламинированное аккустическое лобовое стекло с электрообогревом<section>Тонированные задние боковые стекла и стекло задней двери<section>Черная крыша 'Black Diamond'<section>Хромированные декоративные накладки на переднем и заднем бамперах и нижней части передних и задних дверей",Цифровая конфигурируемая приборная панель Peugeot 3D i-Cockpit® c цветным 3D дисплеем<section>Спортивное мультифункциональное рулевое колесо с обивкой из нешлифованной кожи и логотипом GT<section>Двухуровневый пол багажного отделения<section>Передняя панель с двойной прострочкой зеленого цвета<section>Светодиодная декоративная подсветка передней и дверных панелей (8 цветов)<section>Алюминивые накладки на педали и передние пороги,"Круиз-контроль с ограничителем скорости<section>Передние и задние электростеклоподъемники с защитой от защемления<section>Центральный замок с дистанционным управлением<section>Электрообогрев форсунок омывателя и бачок омывателя увеличенной емкости<section>Сиденье водителя с регулировкой в 6 направлениях, сиденье переднего пассажира с регулировкой в 4 направлениях<section>Подогрев передних сидений<section>Боковые зеркала с электрорегулировками, обогревом, электроприводом складывания, подсветкой околодверного пространства, черного глянцевого цвета<section>Автоматический однозонный климат-контроль<section>Кнопка запуска двигателя<section>Датчик дождя<section>Датчик света<section>Самозатемняющееся зеркало заднего вида<section>Центральный подлокотник с двумя подстаканниками<section>Передние сиденья со спортивным профилем<section>Солнцезащитные козырьки со светодиодной подсветкой , светодиодная подсветка для водителя и переднего пассажира и пассажиров заднего ряда, подсветка багажника<section>2 ключа с дистанционным управлением центральным замком","Система динамической стабилизации (ESC)<section>Антиблокировочная тормозная система (ABS)<section>Система электронного распределения тормозного усилия (EBD)<section>Система помощи при экстренном торможении (EBA)<section>Автоматическая блокировка дверей при начале движения<section>Система экстренного оповещения спецслужб ""ЭРА-ГЛОНАСС""<section>Задние датчики парковки<section>Светодиодные дневные ходовые огни<section>6 подушек безопасности: фронтальные, боковые, оконные шторки<section>Система интеллектуального привода Advanced Grip Control c селектором выбора режимов работы: нормальный режим, снег, песок, грязь, режим помощи при спуске<section>Крепления для детских кресел ISOFIX и TOP TETHER на переднем пассажирском и боковых задних сидениях<section>Камера заднего вида 180°<section>Передние датчики парковки<section>Светодиодные фары ближнего и дального света Peugeot Full Led с функцией автоматического переключения фар дальнего света, светодиодные повторители поворотов<section>Светодиодные противотуманные фары с функцией подсветки поворотов<section>Электрический стояночный тормоз<section>Cистема контроля давления воздуха в шинах<section>Система предупреждения о присутствии объекта в слепой зоне","Мультимедийная система с 10"" цветным сенсорным дисплеем, системой навигации, функцией  Bluetooth, поддержкой протоколов Apple Carplay, Android Auto, Mirror Link, 6 динамиков<section>Экран 7"", 4 x USB разъема (два в передней панели, два в задней части центральной консоли)<section>Мультимедийная система с цветным сенсорным дисплеем, функцией  Bluetooth, поддержкой протоколов Apple Carplay, Android Auto, Mirror Link, 6 динамиков",,Металлическая защита картера,Бензиновый,1.2,130,230,5.4,8.4,6.5,10.2,Автоматическая,6,Передний,Хэтчбэк 5,5,1467,4300,1530,1987,,3 года или 100000 км,Синий Bleu Vertigo,Хэтчбэк,Кроссовер,Тканевая обивка сидений с зеленой прострочкой и вставками из искусственной кожи,"г. Москва, Новорижское ш. 9 км от МКАД
ежедневно с 8.00 до 22.00","https://www.major-auto.ru/cars/brands/peugeot/2008-ii/1404365/,https://www.major-auto.ru/cars/brands/mercedes/gla-h247/1360768/,https://www.major-auto.ru/cars/brands/mercedes/gla-h247/1360746/,https://www.major-auto.ru/cars/brands/mercedes/gla-h247/1360741/","https://www.major-auto.ru/cars/moscow/peugeot/408/1385880/,https://www.major-auto.ru/cars/moscow/peugeot/3008/1401777/,https://www.major-auto.ru/cars/moscow/peugeot/expert/1400993/,https://www.major-auto.ru/cars/moscow/peugeot/4008/1393091/",2021,"В поставке 30.01.2022,с ПТС",https://www.major-auto.ru/locations/moscow/peugeot/,,,,,В поставке в Москву,Peugeot,2008 Новый,GT Line 1.2 AT
https://www.major-auto.ru/cars/brands/peugeot/2008_ii/1404365/,https://www.youtube.com/embed/mPyA7RetYos?rel=0,https://www.major-auto.ru/images/models/peugeot/2008_new/27480/27480_medium.jpg,2599000,,"Белый перламутр Blanc Nacre<section>Панорамная стеклянная крыша cо сдвижной открывающейся секцией<section>17"" легкосплавные диски + компактное запасное колесо<section>Черные глянцевые рейлинги<section>Решетка радиатора с темным хромированием<section>Хромированные патрубки выхлопной системы<section>Ламинированное аккустическое лобовое стекло с электрообогревом<section>Тонированные задние боковые стекла и стекло задней двери<section>Черная крыша 'Black Diamond'<section>Хромированные декоративные накладки на переднем и заднем бамперах и нижней части передних и задних дверей",Пакет кожа 'Nappa'<section>Цифровая конфигурируемая приборная панель Peugeot 3D i-Cockpit® c цветным 3D дисплеем<section>Спортивное мультифункциональное рулевое колесо с обивкой из нешлифованной кожи и логотипом GT<section>Двухуровневый пол багажного отделения<section>Передняя панель с двойной прострочкой зеленого цвета<section>Светодиодная декоративная подсветка передней и дверных панелей (8 цветов)<section>Алюминивые накладки на педали и передние пороги,"Сиденье водителя с электрорегулировками и функцией массажа<section>Регулировка сиденья переднего пассажира по высоте<section>Круиз-контроль с ограничителем скорости<section>Передние и задние электростеклоподъемники с защитой от защемления<section>Центральный замок с дистанционным управлением<section>Электрообогрев форсунок омывателя и бачок омывателя увеличенной емкости<section>Сиденье водителя с регулировкой в 6 направлениях, сиденье переднего пассажира с регулировкой в 4 направлениях<section>Подогрев передних сидений<section>Боковые зеркала с электрорегулировками, обогревом, электроприводом складывания, подсветкой околодверного пространства, черного глянцевого цвета<section>Автоматический однозонный климат-контроль<section>Кнопка запуска двигателя<section>Датчик дождя<section>Датчик света<section>Самозатемняющееся зеркало заднего вида<section>Центральный подлокотник с двумя подстаканниками<section>Передние сиденья со спортивным профилем<section>Солнцезащитные козырьки со светодиодной подсветкой , светодиодная подсветка для водителя и переднего пассажира и пассажиров заднего ряда, подсветка багажника<section>2 ключа с дистанционным управлением центральным замком","Система динамической стабилизации (ESC)<section>Антиблокировочная тормозная система (ABS)<section>Система электронного распределения тормозного усилия (EBD)<section>Система помощи при экстренном торможении (EBA)<section>Автоматическая блокировка дверей при начале движения<section>Система экстренного оповещения спецслужб ""ЭРА-ГЛОНАСС""<section>Задние датчики парковки<section>Светодиодные дневные ходовые огни<section>6 подушек безопасности: фронтальные, боковые, оконные шторки<section>Система интеллектуального привода Advanced Grip Control c селектором выбора режимов работы: нормальный режим, снег, песок, грязь, режим помощи при спуске<section>Крепления для детских кресел ISOFIX и TOP TETHER на переднем пассажирском и боковых задних сидениях<section>Камера заднего вида 180°<section>Передние датчики парковки<section>Светодиодные фары ближнего и дального света Peugeot Full Led с функцией автоматического переключения фар дальнего света, светодиодные повторители поворотов<section>Светодиодные противотуманные фары с функцией подсветки поворотов<section>Электрический стояночный тормоз<section>Cистема контроля давления воздуха в шинах<section>Система предупреждения о присутствии объекта в слепой зоне","Мультимедийная система с 10"" цветным сенсорным дисплеем, системой навигации, функцией  Bluetooth, поддержкой протоколов Apple Carplay, Android Auto, Mirror Link, 6 динамиков<section>Экран 7"", 4 x USB разъема (два в передней панели, два в задней части центральной консоли)<section>Мультимедийная система с цветным сенсорным дисплеем, функцией  Bluetooth, поддержкой протоколов Apple Carplay, Android Auto, Mirror Link, 6 динамиков",,Металлическая защита картера,Бензиновый,1.2,130,230,5.4,8.4,6.5,10.2,Автоматическая,6,Передний,Хэтчбэк 5,5,1467,4300,1530,1987,,3 года или 100000 км,Белый перламутр Blanc Nacre,Хэтчбэк,Кроссовер,Обивка сидений натуральной кожей 'Nappa' с вставками из искусственной кожи,"г. Москва, Новорижское ш. 9 км от МКАД
ежедневно с 8.00 до 22.00","https://www.major-auto.ru/cars/brands/peugeot/2008-ii/1404366/,https://www.major-auto.ru/cars/brands/mercedes/gla-h247/1360768/,https://www.major-auto.ru/cars/brands/mercedes/gla-h247/1360746/,https://www.major-auto.ru/cars/brands/mercedes/gla-h247/1360741/","https://www.major-auto.ru/cars/moscow/peugeot/3008/1401002/,https://www.major-auto.ru/cars/moscow/peugeot/partner/1400711/,https://www.major-auto.ru/cars/moscow/peugeot/207/1404388/,https://www.major-auto.ru/cars/moscow/peugeot/408/1406099/",2021,"В поставке 30.01.2022,с ПТС",https://www.major-auto.ru/locations/moscow/peugeot/,,,,,В поставке в Москву,Peugeot,2008 Новый,GT Line 1.2 AT
https://www.major-auto.ru/cars/brands/renault/kaptur/1395101/,,https://www.major-auto.ru/images/models/renault/kaptur/15170/15170_medium.jpg,1865000,1645000,Белый матовый с черной крышей<section>Хромированные боковые молдинги<section>Передние и задние брызговики<section>Передние и задние бамперы в цвет кузова<section>Задний бампер с хромированной накладкой<section>Хромированная накладка на выхлопную трубу<section>Хромированые вставки на решетке радиатора<section>17’’ легкосплавные диски,Кожаная оплетка руля<section>Индикатор переключения передач<section>Цифровой спидометр<section>Элементы центральной консоли в цвете черный глянец<section>Комбинированная обивка сидений: текстиль/кожа черного цвета<section>Окантовка центральных воздуховодов и Панель мультимедиа в цвете черный глянец,"Пакет ""Winter 2""<section>Подогрев задних сидений<section>Обогреваемые форсунки омывателя лобового стекла<section>Датчик внешней температуры<section>Датчики дождя и света<section>Регулировка сиденья водителя по высоте<section>Регулировка руля по высоте<section>Солнцезащитные козырьки со встроенным зеркалом для водителя и переднего пассажира<section>Полка багажника с  отделениями для мелочей<section>Бесключевой доступ к бензобаку<section>Климат-контроль<section>Обогрев лобового стекла<section>Обогрев заднего стекла<section>Электроусилитель рулевого управления с регулировкой усилия в зависимости от скорости<section>Передние и задние электростеклоподъемники, импульсный со стороны водителя<section>Центральная консоль с двумя подстаканниками и сдвижным подлокотником с отделением для хранения<section>Автоматическое запирание центрального замка (активация через кнопку центрального замка)<section>Индикатор низкого уровня жидкости омывателя<section>Ключ-карта с функциями ""свободные руки"" и автоматической блокировки/разблокировки автомобиля<section>Подогрев рулевого колеса","Повторители сигнала поворота в наружных зеркалах заднего вида<section>Камера заднего вида<section>Задний парктроник<section>ABS с электронным распределением тормозных усилий и режимом экстренного торможения AFU<section>ESP (система стабилизации курсовой устойчивости) + HSА (система помощи при трогании на подъеме)<section>Подушки безопасности водителя и переднего пассажира<section>Деактивируемая подушка безопасности переднего пассажира<section>Передние боковые подушки безопасности<section>Cистема креплений ISOFIX на задних боковых сиденьях<section>Трехточечные ремни безопасности на задних сиденьях<section>Регулировка ремней безопасности на передних сиденьях по высоте<section>Система ""ЭРА-ГЛОНАСС""<section>Светодиодные противотуманные фары с функцией дополнительного освещения поворотов","Задние USB разъемы, 2 шт.<section>Мультимедийная система Easy Link c сенсорным экраном 8"",  с поддержкой  Yandex.Auto, Apple Carplay и Android Auto ®, 6-ю динамиками<section>Антенна ""акулий плавник""",Иммобилайзер,Защита бамперов спереди и сзади<section>Бортовой компьютер<section>Подготовка двигателя к запуску в холодном климате<section>Защита колесных арок<section>Кнопка запуска двигателя Start/Stop<section>Режим Eco<section>Стальная защита картера и топливной системы<section>Набор автомобилиста с 2021 года про-ва,Бензиновый,1.6,114,156,6.0,8.6,6.9,13.8,Вариатор,0,Передний,Внедорожник 5,5,1200,4333,1813,1613,205,3 года или 100000 км,Белый матовый с черной крышей,Внедорожник,Кроссовер,Комбинированная обивка сидений: текстиль/кожа черного цвета,"г. Москва, Цветочный пр-д, 6
ежедневно с 8.00 до 22.00<section>г. Москва, Новорижское ш. 9 км от МКАД
ежедневно с 8.00 до 22.00","https://www.major-auto.ru/cars/brands/renault/kaptur/1395102/,https://www.major-auto.ru/cars/brands/kia/sportage-iv/1407107/,https://www.major-auto.ru/cars/brands/kia/sportage-iv/1406171/,https://www.major-auto.ru/cars/brands/mercedes/glc-x253/1404956/","https://www.major-auto.ru/cars/moscow/renault/kaptur/1401918/,https://www.major-auto.ru/cars/moscow/renault/kaptur/1405512/,https://www.major-auto.ru/cars/moscow/renault/kaptur/1400764/,https://www.major-auto.ru/cars/moscow/renault/kaptur/1406710/",2021,"В поставке 20.12.2021,с ПТС","https://www.major-auto.ru/locations/moscow/renault_novorig/,https://www.major-auto.ru/locations/moscow/renault_cvet/",,70000,,100000,В поставке в Москву,Renault,Kaptur,Style 1.6 CVT
https://www.major-auto.ru/cars/brands/audi/q3_f3/1384945/,https://www.youtube.com/embed/Mu7DaKw40V8?rel=0,https://www.major-auto.ru/images/models/audi/q3%20new/26445/26445_medium.jpg,4075000,,"Серый, перламутр (Daytona grey)<section>Корпуса внешних зеркал заднего вида, черные<section>Черный стайлинг-пакет внешней отделки Audi exclusive<section>Направляющие для багажника на крыше (рейлинги), черные<section>Задний спойлер<section>Решетка радиатора черного цвета (Titanium Black)<section>Ламели серебристого (Aluminium Silver) матового цвета<section>Защитная накладка на кромку багажного отделения из нержавеющей стали<section>Эмблема S line на передних крыльях<section>Передний спойлер полностью окрашен (в цвет кузова)","Линия Advance<section>30 различных цветов на выбор<section>контурная подсветка дверей спереди/сзади (соответствует цветовой конфигурации)<section>подсветка порогов с нижней стороны дверей сзади<section>фоновая подсветка обивки дверей тканью спереди/сзади (соответствует цветовой конфигурации)<section>боковая фоновая подсветка центральной консоли спереди (соответствует цветовой конфигурации)<section>подсветка вещевого отделения под панелью приборов (соответствует цветовой конфигурации)<section>подсветка эмблемы quattro или логотипа Audi (для моделей с передним приводом) на панели приборов со стороны переднего пассажира (соответствует цветовой конфигурации)<section>планка на передней панели вокруг цветного дисплея MMI touch со стеклянным покрытием черного цвета, окантовка с покрытием aluminium<section>Обивка сидений тканью Index<section>Элементы отделки салона материалом Alcantara серого цвета (steel grey)<section>Обивка потолка черной тканью<section>Отделка салона элементами с покрытием aluminium<section>Декоративные вставки Micrometallic silver<section>Планка на передней панели со стеклянным покрытием черного цвета<section>Коврики спереди и сзади<section>Декоративные накладки на пороги с алюминиевыми вставками спереди, с подсветкой, с надписью «S»<section>Окантовка боковых воздухозаборников спереди серого (Platinum Grey) матового цвета","Климат-контроль с индивидуальной настройкой для двух зон салона<section>Комфортный ключ с функцией сенсорной деблокировки двери багажного отделения (без функции Safelock)<section>Внешние зеркала заднего вида с электрической регулировкой и обогревом (левое - асферическое, правое - выпуклое)<section>Зеркало заднего вида в салоне<section>Механическая регулировка передних сидений (продольная и по высоте)<section>Обогрев передних сидений<section>Сдвигаемое заднее сиденье и складывающаяся по частям подушка и спинка заднего сиденья без центрального подлокотника<section>Передний центральный подлокотник<section>Теплоизолирующeе лобовое стекло<section>Электрические стеклоподъемники спереди и сзади<section>Круиз-контроль","Парковочный ассистент с датчиками спереди и сзади<section>Система курсовой устойчивости ESС с дополнительными внедорожными функциями (объединяет ABS, EBV, ASR, EDS)<section>Ассистент движения на спуске<section>Ассистент предотвращения самопроизвольного движения (Auto Hold)<section>Дисковые тормоза спереди и сзади<section>Индикатор падения давления в шинах<section>Электрокорректор угла наклона фар с автоматической системой стабилизации<section>Дневные ходовые огни<section>Противотуманные задние фонари<section>Подголовники для пяти сидений<section>Крепления ISOFIX и Top Tether для установки детского сиденья на боковые сиденья сзади<section>Датчик контроля использования ремня безопасности<section>Трехточечные ремни безопасности<section>Подушки безопасности: полноразмерные подушки безопасности для водителя и переднего пассажира, боковые подушки безопасности для водителя, переднего пассажира, подушки безопасности для головы<section>Система экстренного вызова (ЭРА-ГЛОНАСС). Кнопка расположена на потолочной консоли.","Разъемы USB в задней части салона с функцией зарядки  (2 разъема)<section>цветной дисплей диагональю 8,8 дюйма (1280 * 720), включая сенсорную панель MMI touch<section>6 пассивных динамиков: 4 динамика спереди  и 2 динамика сзади общей мощностью 80 Вт<section>голосовое управление для функций телефона и мультимедиа<section>Bluetooth-интерфейс для использования функции громкой связи и потоковой передачи аудиоданных<section>1 слот для карт памяти SDXC<section>1 разъем USB (тип А) с функцией зарядки<section>Audi virtual cockpit",Иммобилайзер,Передний привод<section>Стандартная подвеска<section>Компактное запасное колесо<section>Розетка на 12V в центральной консоли<section>Исполнение для некурящих<section>Знак аварийной остановки и аптечка<section>Комплект инструментов и домкрат<section>Адаптация для стран с холодным климатом<section>Инструкция по эксплуатации на русском языке<section>Дополнительная защита картера<section>Изъятие названия технологии,Бензиновый,1.4,150,250,5.3,6.9,5.9,9.2,Роботизированная,6,Передний,Внедорожник 5,5,1525,4484,1830,1585,170,4 года или 120000 км,"Серый, перламутр (Daytona grey)",Внедорожник,Кроссовер,"средняя часть сидений серебристая, боковины сидений черные, контрастный шов черный,  черная панель приборов, черное ковровое покрытие, серебристый потолок","г. Москва, ул. Маршала Прошлякова (бывший Лыковский проезд) д. 13
ежедневно с 8.00 до 22.00<section>г. Москва, МКАД 18-й км
ежедневно с 8.00 до 22.00","https://www.major-auto.ru/cars/brands/kia/sportage-iv/1407107/,https://www.major-auto.ru/cars/brands/kia/sportage-iv/1406171/,https://www.major-auto.ru/cars/brands/mercedes/glc-x253/1404956/,https://www.major-auto.ru/cars/brands/chery/txl/1403489/","https://www.major-auto.ru/cars/moscow/audi/q3/1405345/,https://www.major-auto.ru/cars/moscow/audi/q3/1391302/,https://www.major-auto.ru/cars/moscow/audi/q3/1373438/,https://www.major-auto.ru/cars/moscow/audi/q3/1394905/",2021,"с ПТС,В наличии","https://www.major-auto.ru/locations/moscow/audi_mkad18/,https://www.major-auto.ru/locations/moscow/audi_strog/",,,,,Москве,Audi,Q3,35 Sport 1.4 S-tronic
https://www.major-auto.ru/cars/brands/mitsubishi/l200_v/1404086/,,https://www.major-auto.ru/images/models/mitsubishi/l200/25776/25776_medium.jpg,3676000,,"оранжевый<section>Легкосплавные колесные диски 18""<section>Боковые подножки<section>Хромированные корпуса зеркал заднего вида<section>Хромированные наружные ручки дверей<section>Передние брызговики<section>Задние брызговики<section>Хромированная декоративная решетка радиатора<section>Задний бампер",Кожа<section>Крючки в багажном отделении<section>Кожаная отделка руля<section>Обшитый кожей рычаг переключения передач<section>Лампа освещения салона для водителя и переднего пассажира<section>Лампа освещения салона для задних пассажиров<section>Хромированные внутренние ручки дверей,"Передние электростеклоподъемники дверей<section>Задние электростеклоподъемники дверей<section>Регулировка водительского сиденья по высоте<section>Подогрев передних сидений<section>Пепельница<section>Прикуриватель<section>Подлокотник для водителя и переднего пассажира<section>Cистема дистанционного управления замками дверей с двумя передатчиками<section>Обогрев заднего стекла<section>Перчаточный ящик с освещением<section>Дистанционное управление лючком топливного бака<section>Карманы в дверях водителя и переднего пассажира, два подстаканника на передней консоли<section>Центральный замок<section>Датчик уровня жидкости в бачке омывателя<section>Обогрев боковых зеркал<section>Кнопки управления аудиосистемой на рулевом колесе<section>Круиз-контроль с кнопками управления на рулевом колесе<section>Регулируемая по вылету и высоте рулевая колонка<section>Электропривод водительского сидения<section>Боковые зеркала заднего вида с электроприводом и функцией складывания<section>Подогрев рулевого колеса<section>Датчик света<section>Датчик дождя<section>Двухзонный климат-контроль","Фронтальные подушки безопасности для водителя и переднего пассажира<section>ABS - антиблокировочная система тормозов<section>Передние противотуманные фары<section>Омыватели фар<section>Безопасный кузов RISE (Reinforced Impact Safety Evolution)<section>Автоматическая система разблокировки дверей при аварии<section>Боковые брусья безопасности в дверях<section>EBD - электронная система распределения тормозных усилий<section>Кнопка отключения передней пассажирской подушки безопасности<section>Передние трехточечные ремни безопасности с преднатяжителями, ограничителями усилия и регулировкой по высоте<section>Три задних 3-точечных ремня безопасности с инерционными катушками<section>Kрепления ISO-FIX для детских сидений<section>Блокировка замков задних дверей от открывания изнутри (""детский замок"")<section>Задний противотуманный фонарь<section>Зуммер и контрольная лампа предупреждения о непристегнутых ремнях безопасности водителя и переднего пассажира<section>Hill Start Assist (HSA)- Система помощи при подъеме<section>TSA (курсовая стабилизация прицепа)<section>Brake Assist - система помощи при экстренном торможении<section>ASTC (динамическая система курсовой устойчивости и противобуксовочная система)<section>Боковые шторки безопасности для первого и второго ряда сидений<section>Камера заднего вида<section>Система оповещения экстренных служб ""Эра Глонасс""<section>Боковые подушки безопасности водителя и переднего пассажира + коленная для водителя<section>Светодиодные LED фары ближнего света со встроенными LED дневными ходовыми","AM/FM тюнер, CD/MP3 плейер<section>6 динамиков<section>USB разъем для подключения внешних устройств<section>Система HandsFree Bluetooth с кнопками управления на руле<section>Мультимедийная система c тачскрин дисплеем",Электронный иммобилайзер,Бортовой компьютер<section>Двухскоростная раздаточная коробка<section>Принудительная механическая блокировка заднего дифференциала<section>Система полного привода Super Select 4WD<section>Розетка электропитания 12B<section>Полноразмерное легкосплавное запасное колесо,Дизельный,2.4,181,430,7.8,9.9,8.6,,Автоматическая,6,Полный,Пикап 4D,4,,5225,1815,1795,,3 года или 100000 км,оранжевый,Пикап 4 двери,Пикап,Кожа,"г. Москва, ул. Псковская, д.13
ежедневно с 8.00 до 22.00<section>г. Москва, Новорижское ш. 8 км от МКАД
ежедневно с 8.00 до 22.00","https://www.major-auto.ru/cars/brands/mitsubishi/l200-v/1403997/,https://www.major-auto.ru/cars/brands/toyota/hilux-viii/1381097/,https://www.major-auto.ru/cars/brands/toyota/hilux-viii/1381308/,https://www.major-auto.ru/cars/brands/uaz/pickup/1392159/","https://www.major-auto.ru/cars/moscow/mitsubishi/pajero-sport/1402914/,https://www.major-auto.ru/cars/moscow/mitsubishi/pajero-sport/1397295/,https://www.major-auto.ru/cars/moscow/mitsubishi/asx/1397424/,https://www.major-auto.ru/cars/moscow/mitsubishi/montero-iii/1374839/",2021,В наличии,"https://www.major-auto.ru/locations/moscow/mitsubishi_nr/,https://www.major-auto.ru/locations/moscow/mitsubishi/",,,,,Москве,Mitsubishi,L200,Instyle 2.4TD AT 4WD
https://www.major-auto.ru/cars/brands/geely/atlas_pro/1390709/,https://www.youtube.com/embed/W_UPmZcrT8Q?rel=0,https://www.major-auto.ru/images/models/geely/atlas-pro/28687/28687_medium.jpg,2340000,2280000,"Синий металлик<section>Легкосплавные колесные диски R18 с шинами 225/60 R18<section>Светодиодные дневные ходовые огни, указатели поворота, задние фонари<section>Рейлинги на крыше","Отделка панелей передних и задних дверей экокожей<section>Декоративные металлические накладки на пороги дверей<section>Шторка багажника<section>Очечник<section>Сиденья премиум-класса с отделкой экокожей чёрного цвета и вставками под ""карбон"" на передних сиденьях<section>Передние и задние светодиодные лампы для чтения<section>Материал отделки стенок багажника: пластик","Функция автоматического включения фар (датчик света)<section>Датчик дождя<section>Внутреннее безрамочное зеркало заднего вида с автоматическим затемнением<section>Электрорегулировка сиденья водителя в 6 направлениях<section>Ручная регулировка сиденья переднего пассажира в 4 направлениях<section>Спинки сидений второго ряда с возможностью регулировки угла наклона и складывания в соотношении 60/40<section>Передний центральный подлокотник с охлаждаемым отделением<section>Задний центральный подлокотник с интегрированными подстаканниками скрытого типа<section>Двухзонный климат-контроль<section>Ручная регулировка руля по высоте и по вылету<section>Наружные зеркала заднего вида с электрорегулировкой, подогревом, автоматическим затемнением и электрическим складыванием<section>Подогрев форсунок омывателя лобового стекла и зоны покоя стеклоочистителей<section>Подогрев передних и задних боковых сидений<section>Подогрев рулевого колеса<section>Электрические стеклоподъёмники с функцией автоматического опускания/подъёма стекла одним нажатием с функцией антизащемления<section>Система бесключевого доступа<section>Кнопка запуска двигателя<section>Центральный замок с дистанционным управлением<section>Функция блокировки замков при начале движения<section>Цифровая приборная панель диагональю 7""<section>Функция разблокировки двери багажника дистанционно кнопкой на ключе<section>Круиз-контроль<section>Розетка 12В в передней части салона","Светодиодные фары ближнего и дальнего света<section>Электронный стояночный тормоз (EPB)<section>Функция удержания автомобиля на месте Autohold<section>Электроусилитель рулевого управления (EPS)<section>Антиблокировочная тормозная система (ABS)<section>Система распределения тормозных усилий (EBD)<section>Система помощи при экстренном торможении (EBA)<section>Антипробуксовочная система (TCS)<section>Система курсовой устойчивости (ESC)<section>Система сигнализации при экстренном торможении (ESS)<section>Система помощи при старте на подъеме и при движении под уклон (HHC, HDC)<section>Задние датчики парковки<section>Передние датчики парковки<section>Система кругового обзора 360°<section>Функция ограничения скорости<section>Фронтальные и боковые подушки безопасности водителя и переднего пассажира<section>Боковые подушки безопасности занавесочного типа<section>Крепления для детских кресел стандарта ISOFIX на втором ряде сидений<section>Механизм блокировки открывания дверей второго ряда изнутри («Детский замок»)<section>Система мониторинга давления в шинах (TPMS)<section>Система информирования об усталости водителя<section>Малоразмерное запасное колесо<section>Система вызова экстренных оперативных служб ЭРА-ГЛОНАСС","Мультимедийная система с сенсорным экраном 12,3"" и функцией подключения телефона через Bluetooth<section>EasyConnection - дублирование экрана смартфона на экране мультимедиa через USB, с поддержкой Android, iOS<section>4 входа USB-A<section>Аудиосистема с 8 динамиками",Иммобилайзер,Система запуска/остановки двигателя Start-Stop<section>Система рекуперативного торможения<section>Режимы движения: Eco / Comfort / Sport / Off-road (только для 4WD),Гибридный,1.5,177,255,5.8,8.5,6.8,,Роботизированная,7,Полный,Внедорожник 5,5,,4544,1831,1713,,5 лет или 150000 км,Синий,Внедорожник,Кроссовер,"Сиденья премиум-класса с отделкой экокожей чёрного цвета и вставками под ""карбон"" на передних сиденьях","г. Москва, МКАД 18 км
ежедневно с 8.00 до 22.00<section>г. Москва, ул. Псковская, д.13
ежедневно с 8.00 до 22.00","https://www.major-auto.ru/cars/brands/geely/atlas-pro/1392627/,https://www.major-auto.ru/cars/brands/geely/atlas-pro/1391376/,https://www.major-auto.ru/cars/brands/geely/atlas-pro/1403281/,https://www.major-auto.ru/cars/brands/kia/sportage-iv/1407107/","https://www.major-auto.ru/cars/moscow/kia/rio/1405961/,https://www.major-auto.ru/cars/moscow/nissan/qashqai/1406527/,https://www.major-auto.ru/cars/moscow/mitsubishi/pajero-sport/1402018/,https://www.major-auto.ru/cars/moscow/mercedes-benz/gle/1360102/",2021,"с ПТС,В наличии","https://www.major-auto.ru/locations/moscow/geely-mkad18/,https://www.major-auto.ru/locations/moscow/Geely/","Чёрный<section>#040404<section>https://www.major-auto.ru/cars/brands/geely/atlas-pro/1401134/,Серебристый<section>#c8c8c8<section>https://www.major-auto.ru/cars/brands/geely/atlas-pro/1392627/",60000,,,Москве,Geely,Atlas Pro,
https://www.major-auto.ru/cars/brands/mercedes/amg_gt_c190x290/1319472/,,"https://www.major-auto.ru/cars_images/1319472/2D/preview/6_1319472_8551342_13912751.jpg,https://www.major-auto.ru/cars_images/1319472/2D/medium/1_1319472_9329769_13912746.jpg,https://www.major-auto.ru/cars_images/1319472/2D/medium/6_1319472_8551342_13912751.jpg,https://www.major-auto.ru/cars_images/1319472/2D/medium/7_1319472_5114368_13912752.jpg,https://www.major-auto.ru/cars_images/1319472/2D/medium/3_1319472_4643081_13912748.jpg,https://www.major-auto.ru/cars_images/1319472/2D/medium/4_1319472_3081759_13912749.jpg,https://www.major-auto.ru/cars_images/1319472/2D/preview/2_1319472_8861350_13912747.jpg,https://www.major-auto.ru/cars_images/1319472/2D/preview/5_1319472_1675746_13912750.jpg,https://www.major-auto.ru/cars_images/1319472/2D/preview/7_1319472_5114368_13912752.jpg,https://www.major-auto.ru/cars_images/1319472/2D/preview/4_1319472_3081759_13912749.jpg,https://www.major-auto.ru/cars_images/1319472/2D/preview/3_1319472_4643081_13912748.jpg,https://www.major-auto.ru/cars_images/1319472/2D/medium/2_1319472_8861350_13912747.jpg,https://www.major-auto.ru/cars_images/1319472/2D/preview/1_1319472_9329769_13912746.jpg,https://www.major-auto.ru/cars_images/1319472/2D/medium/5_1319472_1675746_13912750.jpg",,,"Летние шины<section>Окраска металлик Черный Обсидиан<section>Тормозные суппорты, окрашенные в серебристый цвет",Коврики AMG<section>Ambient lighting<section>Расширенная комбинация приборов,KEYLESS-GO пакет<section>Пакет систем хранения<section>Двойной подстаканник<section>Активный ассистент поддержания дистанции DISTRONIC<section>Внутреннее зеркало и зеркало со стороны водителя с автоматическим затемнением<section>Электрические складываемые зеркала справа и слева<section>KEYLESS-GO<section>Система кондиционирования сидений водителя и переднего пассажира<section>Тепло- и звукоизолирующее остекление с возможностью отражения инфракрасных лучей<section>Автодоводчики<section>Расширенная функция Stop&go (при движении в пробках)<section>Кнопки на рулевом колесе AMG<section>Пакет запоминания параметров<section>Автоматическая климатическая установка THERMATIC<section>Система омывателя ветрового стекла с подогревом<section>Крышка багажника EASY-PACK<section>Переключатель AMG DYNAMIC SELECT<section>Подготовка для сервиса: дистанционный контроль автомобиля и запуск двигателя,Парковочный пакет<section>Пакет Driving Assistance<section>Активный парковочный ассистент вкл. PARKTRONIC<section>Автоматическое отключение пассажирской подушки безопасности<section>Активный ассистент рулевого управления<section>Система экстренного вызова Mercedes-Benz<section>Активный ассистент ограничения скорости движения<section>Система адаптации фар головного света Plus<section>Адаптация скорости в зависимости от маршрута<section>Индикация непристегнутых ремней безопаности в задней части салона<section>Активный капот для защиты пешеходов<section>Система Traffic Sign Assist<section>Боковые подушки безопасности<section>Оконные подушки безопасности<section>Подготовка для сервиса: дорожная информация Live Traffic<section>MULTIBEAM LED,Пакет интеграции со смартфоном<section>Apple CarPlay<section>Android Auto<section>Функция Hands-Free-Access<section>Пакет комфортной акустики и звукоизоляции<section>Телефонная антенна<section>Проекционный дисплей<section>Мультимедийная система MBUX<section>Антена GPS<section>Коммуникационный модуль<section>Расширенные функции MBUX<section>Навигационная система на жестком диске,Противоугонный пакет<section>Сигнализация проникновения в салон<section>Противоугонная сигнализация с защитой от буксировки<section>Спутниковая противоугонная система,Отсутствие тонированных стекол<section>Технология очистки выхлопных газов EU6<section>VIN-номер под лобовым стеклом<section>AMG Track Pace<section>Инструкция по эксплуатации и сервисная книжка на русском языке<section>Функция использования остаточного тепла двигателя<section>Дополнительное оборудование для стран с холодным климатом<section>Модельный год<section>Код промежуточного модельного года<section>TIREFIT<section>AMG SPEEDSHIFT TCT 9G<section>Подвеска AMG RIDE CONTROL<section>Стартер-генератор EQ Boost,Бензиновый,3.0,367,500,8.0,12.3,9.4,4.9,Автоматическая,9,Полный,Лифтбэк,5,,5054,2069,1455,116,2 года,Окраска металлик Черный Обсидиан,Лифтбэк,Спортивные авто,Кожа Наппа Эксклюзив черная,"г. Москва, Химки, Ленинградское шоссе 23 (4 км от МКАД)
ежедневно с 8.00 до 22.00<section>г. Москва, МКАД 92 км, Внешняя сторона, между Ярославским и Осташковским шоссе
ежедневно с 8.00 до 22.00","https://www.major-auto.ru/cars/brands/mercedes/amg-gt-c190x290/1318992/,https://www.major-auto.ru/cars/brands/mercedes/amg-gt-c190x290/1307416/,https://www.major-auto.ru/cars/brands/mercedes/amg-gt-c190x290/1304736/,https://www.major-auto.ru/cars/brands/mercedes/amg-gt-c190x290/1287673/","https://www.major-auto.ru/cars/moscow/hyundai/sonata/1394054/,https://www.major-auto.ru/cars/moscow/renault/koleos/1407032/,https://www.major-auto.ru/cars/moscow/volvo/xc90/1396056/,https://www.major-auto.ru/cars/moscow/honda/accord/1398798/",2021,"с ПТС,В резерве,Тестовый","https://www.major-auto.ru/locations/moscow/mercedes_mkad92/,https://www.major-auto.ru/locations/moscow/autoforum-sheremetyevo/",,420000,,,,Mercedes-Benz,AMG GT,43 4MATIC
https://www.major-auto.ru/cars/brands/mercedes/amg_gt_c190x290/1318992/,,"https://www.major-auto.ru/cars_images/1318992/2D/preview/1_1318992_6966936_13912739.jpg,https://www.major-auto.ru/cars_images/1318992/2D/medium/1_1318992_6966936_13912739.jpg,https://www.major-auto.ru/cars_images/1318992/2D/preview/2_1318992_6186604_13912740.jpg,https://www.major-auto.ru/cars_images/1318992/2D/medium/3_1318992_3843525_13912741.jpg,https://www.major-auto.ru/cars_images/1318992/2D/preview/7_1318992_6369602_13912745.jpg,https://www.major-auto.ru/cars_images/1318992/2D/preview/5_1318992_2126271_13912743.jpg,https://www.major-auto.ru/cars_images/1318992/2D/medium/7_1318992_6369602_13912745.jpg,https://www.major-auto.ru/cars_images/1318992/2D/medium/5_1318992_2126271_13912743.jpg,https://www.major-auto.ru/cars_images/1318992/2D/medium/4_1318992_2907199_14012836.jpg,https://www.major-auto.ru/cars_images/1318992/2D/preview/3_1318992_3843525_13912741.jpg,https://www.major-auto.ru/cars_images/1318992/2D/preview/4_1318992_2907199_14012836.jpg,https://www.major-auto.ru/cars_images/1318992/2D/medium/2_1318992_6186604_13912740.jpg",,,"Летние шины<section>Окраска неметаллик красный юпитер<section>Тормозные суппорты, окрашенные в серебристый цвет",Коврики AMG<section>Ambient lighting<section>Расширенная комбинация приборов,Пакет систем хранения<section>Двойной подстаканник<section>Внутреннее зеркало и зеркало со стороны водителя с автоматическим затемнением<section>Электрические складываемые зеркала справа и слева<section>Автодоводчики<section>Подогрев передних сидений<section>Пакет запоминания параметров<section>Мультифункциональное рулевое колесо с подогревом<section>Автоматическая климатическая установка THERMATIC<section>Система омывателя ветрового стекла с подогревом<section>Крышка багажника EASY-PACK<section>Переключатель AMG DYNAMIC SELECT<section>Подготовка для сервиса: дистанционный контроль автомобиля и запуск двигателя,Парковочный пакет<section>Активный парковочный ассистент вкл. PARKTRONIC<section>Автоматическое отключение пассажирской подушки безопасности<section>Система экстренного вызова Mercedes-Benz<section>Система адаптации фар головного света Plus<section>Индикация непристегнутых ремней безопаности в задней части салона<section>Активный капот для защиты пешеходов<section>Система Traffic Sign Assist<section>Боковые подушки безопасности<section>Оконные подушки безопасности<section>Active brake assist<section>Подготовка для сервиса: дорожная информация Live Traffic<section>MULTIBEAM LED,Пакет интеграции со смартфоном<section>Touchpad (без контроллера)<section>Apple CarPlay<section>Телефонная антенна<section>Набор проводов для медиа интерфейса<section>Мультимедийная система MBUX<section>Антена GPS<section>Коммуникационный модуль<section>Расширенные функции MBUX<section>Навигационная система на жестком диске,Противоугонный пакет<section>Сигнализация проникновения в салон<section>Противоугонная сигнализация с защитой от буксировки<section>Спутниковая противоугонная система,Технология очистки выхлопных газов EU6<section>VIN-номер под лобовым стеклом<section>AMG Track Pace<section>Инструкция по эксплуатации и сервисная книжка на русском языке<section>Функция использования остаточного тепла двигателя<section>Дополнительное оборудование для стран с холодным климатом<section>Увеличенный топливный бак (80 л)<section>Модельный год<section>Код промежуточного модельного года<section>TIREFIT<section>AMG SPEEDSHIFT TCT 9G<section>Подвеска AMG RIDE CONTROL<section>Стартер-генератор EQ Boost,Бензиновый,3.0,367,500,8.0,12.3,9.4,4.9,Автоматическая,9,Полный,Лифтбэк,5,,5054,2069,1455,116,2 года,Окраска неметаллик красный юпитер,Лифтбэк,Спортивные авто,Кожа Nappa эксклюзив коричневый трюфель / черная,"г. Москва, МКАД 92 км, Внешняя сторона, между Ярославским и Осташковским шоссе
ежедневно с 8.00 до 22.00<section>г. Москва, Химки, Ленинградское шоссе 23 (4 км от МКАД)
ежедневно с 8.00 до 22.00","https://www.major-auto.ru/cars/brands/mercedes/amg-gt-c190x290/1319472/,https://www.major-auto.ru/cars/brands/mercedes/amg-gt-c190x290/1307416/,https://www.major-auto.ru/cars/brands/mercedes/amg-gt-c190x290/1304736/,https://www.major-auto.ru/cars/brands/mercedes/amg-gt-c190x290/1287673/","https://www.major-auto.ru/cars/moscow/bmw/x5/1392813/,https://www.major-auto.ru/cars/moscow/hyundai/sonata/1394052/,https://www.major-auto.ru/cars/moscow/kia/sorento/1401833/,https://www.major-auto.ru/cars/moscow/kia/rio/1393444/",2021,"с ПТС,В резерве,Тестовый","https://www.major-auto.ru/locations/moscow/autoforum-sheremetyevo/,https://www.major-auto.ru/locations/moscow/mercedes_mkad92/",,420000,,,,Mercedes-Benz,AMG GT,43 4MATIC
https://www.major-auto.ru/cars/brands/mercedes/amg_gt_c190x290/1315114/,,"https://www.major-auto.ru/cars_images/1315114/2D/medium/2_1315114_2575053_13364029.jpg,https://www.major-auto.ru/cars_images/1315114/2D/preview/3_1315114_75695_13364030.jpg,https://www.major-auto.ru/cars_images/1315114/2D/preview/4_1315114_5544456_14015956.jpg,https://www.major-auto.ru/cars_images/1315114/2D/preview/1_1315114_1949210_13364028.jpg,https://www.major-auto.ru/cars_images/1315114/2D/preview/6_1315114_7110227_13670597.jpg,https://www.major-auto.ru/cars_images/1315114/2D/medium/7_1315114_1798445_13670598.jpg,https://www.major-auto.ru/cars_images/1315114/2D/medium/5_1315114_6640047_13364032.jpg,https://www.major-auto.ru/cars_images/1315114/2D/medium/3_1315114_75695_13364030.jpg,https://www.major-auto.ru/cars_images/1315114/2D/medium/4_1315114_5544456_14015956.jpg,https://www.major-auto.ru/cars_images/1315114/2D/preview/7_1315114_1798445_13670598.jpg,https://www.major-auto.ru/cars_images/1315114/2D/preview/2_1315114_2575053_13364029.jpg,https://www.major-auto.ru/cars_images/1315114/2D/medium/1_1315114_1949210_13364028.jpg,https://www.major-auto.ru/cars_images/1315114/2D/medium/6_1315114_7110227_13670597.jpg,https://www.major-auto.ru/cars_images/1315114/2D/preview/5_1315114_6640047_13364032.jpg",11883000,11823000,"Летние шины<section>Окраска металлик Черный Обсидиан<section>Пакет экстерьера ""Styling V8""<section>Тормозные суппорты, окрашенные в серебристый цвет",Коврики AMG<section>Ambient lighting<section>Расширенная комбинация приборов,KEYLESS-GO пакет<section>Пакет систем хранения<section>Двойной подстаканник<section>Внутреннее зеркало и зеркало со стороны водителя с автоматическим затемнением<section>Электрические складываемые зеркала справа и слева<section>KEYLESS-GO<section>THERMOTRONIC<section>Система кондиционирования сидений водителя и переднего пассажира<section>Пакет AIR-BALANCE<section>Складывающиеся спинки задних сидений<section>3-местное заднее сиденье<section>Проектор логотипа «AMG»<section>Лобовое стекло с подогревом<section>Подогрев задних сидений<section>Автодоводчики<section>Пакет запоминания параметров<section>Мультифункциональное рулевое колесо с подогревом<section>Система омывателя ветрового стекла с подогревом<section>Крышка багажника EASY-PACK<section>Переключатель AMG DYNAMIC SELECT<section>Подготовка для сервиса: дистанционный контроль автомобиля и запуск двигателя,Парковочный пакет<section>Активный парковочный ассистент вкл. PARKTRONIC<section>Автоматическое отключение пассажирской подушки безопасности<section>Система экстренного вызова Mercedes-Benz<section>Система адаптации фар головного света Plus<section>Индикация непристегнутых ремней безопаности в задней части салона<section>Активный капот для защиты пешеходов<section>Система Traffic Sign Assist<section>Боковые подушки безопасности<section>Оконные подушки безопасности<section>Active brake assist<section>Подготовка для сервиса: дорожная информация Live Traffic<section>MULTIBEAM LED,Пакет интеграции со смартфоном<section>Apple CarPlay<section>Android Auto<section>Функция Hands-Free-Access<section>Телефонная антенна<section>Проекционный дисплей<section>Предустановка для систем развлечения и комфорта<section>Мультимедийная система MBUX<section>Антена GPS<section>Коммуникационный модуль<section>Функция дополненной реальности<section>Расширенные функции MBUX<section>Навигационная система на жестком диске,Противоугонный пакет<section>Сигнализация проникновения в салон<section>Противоугонная сигнализация с защитой от буксировки<section>Спутниковая противоугонная система,Технология очистки выхлопных газов EU6<section>VIN-номер под лобовым стеклом<section>AMG Track Pace<section>Инструкция по эксплуатации и сервисная книжка на русском языке<section>Функция использования остаточного тепла двигателя<section>Дополнительное оборудование для стран с холодным климатом<section>Увеличенный топливный бак (80 л)<section>Модельный год<section>Код промежуточного модельного года<section>TIREFIT<section>AMG SPEEDSHIFT TCT 9G<section>Подвеска AMG RIDE CONTROL<section>Стартер-генератор EQ Boost,Бензиновый,3.0,367,500,8.0,12.3,9.4,4.9,Автоматическая,9,Полный,Лифтбэк,5,,5054,2069,1455,116,2 года,Окраска металлик Черный Обсидиан,Лифтбэк,Спортивные авто,Кожа Наппа черная,"г. Санкт-Петербург, ул. Орбели, д. 35
ежедневно с 8.00 до 22.00<section>г. Санкт-Петербург, Исполкомская ул., д. 15, Литер А
ежедневно с 8.00 до 22.00",https://www.major-auto.ru/cars/brands/mercedes/amg-gt-c190x290/1324594/,"https://www.major-auto.ru/cars/spb/jeep/grand-cherokee/1385053/,https://www.major-auto.ru/cars/spb/mercedes-benz/gla/1369717/,https://www.major-auto.ru/cars/spb/land-rover/range-rover-evoque/1375222/,https://www.major-auto.ru/cars/spb/audi/a3/1382620/",2021,"с ПТС,В наличии","https://www.major-auto.ru/locations/spb/olimp_spb/,https://www.major-auto.ru/locations/spb/mercedes_spb/",,60000,,,СПб,Mercedes-Benz,AMG GT,43 4MATIC
https://www.major-auto.ru/cars/brands/mercedes/amg_gt_c190x290/1324594/,,"https://www.major-auto.ru/cars_images/1324594/2D/medium/1_1324594_5428152_13923753.jpg,https://www.major-auto.ru/cars_images/1324594/2D/preview/1_1324594_5428152_13923753.jpg,https://www.major-auto.ru/cars_images/1324594/2D/medium/7_1324594_5120626_13831076.jpg,https://www.major-auto.ru/cars_images/1324594/2D/preview/5_1324594_2618277_13831074.jpg,https://www.major-auto.ru/cars_images/1324594/2D/medium/6_1324594_4963555_13831075.jpg,https://www.major-auto.ru/cars_images/1324594/2D/preview/4_1324594_117264_13899641.jpg,https://www.major-auto.ru/cars_images/1324594/2D/preview/6_1324594_4963555_13831075.jpg,https://www.major-auto.ru/cars_images/1324594/2D/medium/4_1324594_117264_13899641.jpg,https://www.major-auto.ru/cars_images/1324594/2D/preview/3_1324594_4648087_13989310.jpg,https://www.major-auto.ru/cars_images/1324594/2D/medium/3_1324594_4648087_13989310.jpg,https://www.major-auto.ru/cars_images/1324594/2D/preview/7_1324594_5120626_13831076.jpg,https://www.major-auto.ru/cars_images/1324594/2D/medium/2_1324594_5741061_13831071.jpg,https://www.major-auto.ru/cars_images/1324594/2D/preview/2_1324594_5741061_13831071.jpg,https://www.major-auto.ru/cars_images/1324594/2D/medium/5_1324594_2618277_13831074.jpg",11656000,11596000,"Летние шины<section>designo белый бриллиант<section>Тормозные суппорты, окрашенные в серебристый цвет",Коврики AMG<section>Ambient lighting<section>Расширенная комбинация приборов,KEYLESS-GO пакет<section>Пакет систем хранения<section>Двойной подстаканник<section>Внутреннее зеркало и зеркало со стороны водителя с автоматическим затемнением<section>Электрические складываемые зеркала справа и слева<section>KEYLESS-GO<section>Система кондиционирования сидений водителя и переднего пассажира<section>Складывающиеся спинки задних сидений<section>3-местное заднее сиденье<section>Автодоводчики<section>Кнопки на рулевом колесе AMG<section>Пакет запоминания параметров<section>Автоматическая климатическая установка THERMATIC<section>Система омывателя ветрового стекла с подогревом<section>Крышка багажника EASY-PACK<section>Переключатель AMG DYNAMIC SELECT<section>Подготовка для сервиса: дистанционный контроль автомобиля и запуск двигателя,Парковочный пакет<section>Активный парковочный ассистент вкл. PARKTRONIC<section>Автоматическое отключение пассажирской подушки безопасности<section>Система экстренного вызова Mercedes-Benz<section>Система адаптации фар головного света Plus<section>Индикация непристегнутых ремней безопаности в задней части салона<section>Активный капот для защиты пешеходов<section>Система Traffic Sign Assist<section>Боковые подушки безопасности<section>Оконные подушки безопасности<section>Active brake assist<section>Подготовка для сервиса: дорожная информация Live Traffic<section>MULTIBEAM LED,Пакет интеграции со смартфоном<section>Apple CarPlay<section>Android Auto<section>Функция Hands-Free-Access<section>Телефонная антенна<section>Мультимедийная система MBUX<section>Антена GPS<section>Коммуникационный модуль<section>Расширенные функции MBUX<section>Навигационная система на жестком диске,Противоугонный пакет<section>Сигнализация проникновения в салон<section>Противоугонная сигнализация с защитой от буксировки<section>Спутниковая противоугонная система,Технология очистки выхлопных газов EU6<section>VIN-номер под лобовым стеклом<section>AMG Track Pace<section>Инструкция по эксплуатации и сервисная книжка на русском языке<section>Дополнительное оборудование для стран с холодным климатом<section>Увеличенный топливный бак (80 л)<section>Модельный год<section>Код промежуточного модельного года<section>TIREFIT<section>AMG SPEEDSHIFT TCT 9G<section>Подвеска AMG RIDE CONTROL<section>Стартер-генератор EQ Boost,Бензиновый,3.0,367,500,8.0,12.3,9.4,4.9,Автоматическая,9,Полный,Лифтбэк,5,,5054,2069,1455,116,2 года,designo белый бриллиант,Лифтбэк,Спортивные авто,Кожа Наппа черная,"г. Санкт-Петербург, Исполкомская ул., д. 15, Литер А
ежедневно с 8.00 до 22.00<section>г. Санкт-Петербург, ул. Орбели, д. 35
ежедневно с 8.00 до 22.00",https://www.major-auto.ru/cars/brands/mercedes/amg-gt-c190x290/1315114/,"https://www.major-auto.ru/cars/spb/mercedes-benz/glk/1398251/,https://www.major-auto.ru/cars/spb/mitsubishi/outlander/1406964/,https://www.major-auto.ru/cars/spb/volvo/xc60/1399451/,https://www.major-auto.ru/cars/spb/nissan/qashqai/1401278/",2021,"с ПТС,В наличии","https://www.major-auto.ru/locations/spb/olimp_spb/,https://www.major-auto.ru/locations/spb/mercedes_spb/",,60000,,,СПб,Mercedes-Benz,AMG GT,43 4MATIC
https://www.major-auto.ru/cars/brands/lada/niva/1380642/,https://www.youtube.com/embed/KYWHV44WFkE?rel=0,https://www.major-auto.ru/images/models/lada/lada-niva/27353/27353_medium.jpg,1004000,984000,Снежная королева - Светло-серебристый металлик<section>16''' легкосплавные диски<section>Колпак запасного колеса неокрашенный<section>Бамперы 3х цветные (цвет кузова/черный неокрашенный/ серебристый),"Подлокотник сидения водителя с подстаканниками<section>Ткань<section>Подсветка багажного отделения<section>Обивка дверей (вставка) ткань<section>Обивка потолка, поручни, солнцезащитные козырьки черного цвета<section>Накладки порогов пола черного цвета",Корректор света фар электрический<section>Гидроусилитель рулевого управления<section>Регулируемая по высоте рулевая колонка<section>Воздушный фильтр салона<section>Электростеклоподъемники передних дверей<section>Подогрев передних сидений<section>Электропривод и обогрев наружных зеркал<section>Кондиционер<section>Охлаждаемый вещевой ящик<section>Базовый пакет шумоизоляция<section>Виброизоляция,"Защита картера двигателя стальная<section>Подушка безопасности водителя<section>Ремни безопасности передних сидений с ограничителями нагрузки<section>Индикация незастегнутого ремня безопасности водителя<section>Подголовники задних сидений 2 шт.<section>Крепления для детских сидений ISOFIX<section>Дневные ходовые огни<section>Противотуманные фары<section>Система экстренного оповещения ЭРА-ГЛОНАСС<section>Антиблокировочная система с электронным распределением тормозных сил (ABS, EBD)<section>Регулировка ремней безопасности передних сидений по высоте<section>Центральный замок с дистанционным управлением<section>LED-задние фонари",Аудиоподготовка (жгуты проводов к радио и 2 динамикам),Иммобилайзер<section>Охранная сигнализация,"Сапун переднего и заднего моста<section>Бортовой компьютер<section>Заднее сиденье с раскладной спинкой в пропорции 60/40<section>Противосолнечный козырек пассажира с зеркалом<section>Инструмент водителя: домкрат, ключ колесный<section>Складной ключ<section>Рейлинги<section>Фартуки передних колес (брызговики)<section>Фартуки задних колес (брызговики)<section>Запасное стальное колесо временного использования 15""<section>Щитки передних крыльев (локеры)<section>Шноркель<section>Блокировка межосевого дифференциала<section>Понижающий ряд передач<section>Постоянный полный привод<section>Розетка 12V на центральной консоли<section>Розетка USB в тоннеле пола<section>Туннель пола с нишей для хранения и c подстаканниками<section>Форсунки омыва ветрового стекла 2х струйные<section>Форсунка омыва стекла двери задка веерного типа<section>Буксирные проушины передние (2 шт.) и задние (2 шт.) черного цвета<section>Точки крепления тягово-сцепного устройства (ТСУ)",Бензиновый,1.7,80,,8.5,13.4,10.2,19.0,Механическая,5,Полный,Внедорожник 5,5,650,4056,1800,1690,220,2 года,Снежная королева - Светло-серебристый металлик,Внедорожник,Кроссовер,Ткань,"г. Москва, Новорижское ш. 9 км от МКАД
ежедневно с 8.00 до 22.00","https://www.major-auto.ru/cars/brands/lada/niva/1375473/,https://www.major-auto.ru/cars/brands/lada/niva/1376289/,https://www.major-auto.ru/cars/brands/lada/niva/1380641/,https://www.major-auto.ru/cars/brands/lada/4x4niva-legend/1401539/","https://www.major-auto.ru/cars/moscow/lada/vesta/1405520/,https://www.major-auto.ru/cars/moscow/lada/niva-legend/1405950/,https://www.major-auto.ru/cars/moscow/lada/vesta/1385045/,https://www.major-auto.ru/cars/moscow/lada/largus/1404781/",2021,В поставке 28.12.2021,https://www.major-auto.ru/locations/moscow/lada_nr/,,20000,,,В поставке в Москву,LADA,Niva Travel,Lada
https://www.major-auto.ru/cars/brands/volvo/s90_ii/1327548/,,https://www.major-auto.ru/images/models/volvo/s90/16526/16526_medium.jpg,4399000,,"Черный (Onyx Black)<section>Хромированная окантовка боковых окон<section>Боковые зеркала в цвет кузова<section>Легкосплавные диски 19"", черные DC, 10 спиц - 1142","Графическая панель приборов 12,3 дюймов<section>Пакет освещения салона, высший уровень<section>Отделка рукоятки КПП кожей с декоративными вставками<section>Декоративные накладки порогов передних дверей с подсветкой, металлические<section>Пластиковая накладка в багажном отделении<section>Отделка верхней части передней панели и вставок в дверях искусственной кожей<section>3-хспицевое рулевое колесо, отделанное кожей с декоративными вставками<section>Кожа(лицевая часть) Черного цвета в черном интерьере/ Отделка салона Checkered aluminium (Mom), Grey Ash (Insc)<section>Комплект текстильных ковров<section>Подлокотник в центре второго ряда с подстаканниками и отделением для мелочей","пакет ЗИМНИЙ (Climate)<section>Подогрев рулевого колеса<section>Подогрев форсунок омывателя лобового стекла (в очистителях ветрового стекла)<section>Электропривод водительского сиденья с памятью положений<section>Самозатемняющиеся боковые внешние зеркала и салонное зеркало заднего вида<section>Электропривод регулировки поясничной поддержки в 4 направлениях<section>Электропривод складывания 2-го ряда сидений<section>Двухзонный электронный климат контроль, ECC<section>Предварительная вентиляция салона и подогрев после выключения двигателя<section>Пульт управления сигнализацией и центральным замком, встроенный в ключ<section>Одновременное отпирание всех дверей<section>Кнопка центрального замка с индикацией в передних дверях<section>Зеркала косметические для водителя и пассажира, с подсветкой<section>Адаптивный круиз-контроль (ACC)<section>Датчик дождя<section>Управление аудиосистемой на рулевом колесе<section>Регулировки длины подушек передних сидений<section>Память положений сиденья пассажира<section>Боковые зеркала заднего вида с электроприводом, подсветкой и функцией складывания<section>Очистители ветрового стекла (без подогрева)<section>Бесключевой доступ","Боковые и задние стекла закаленные<section>Функция мигания стоп-сигналов при экстренном торможении<section>Система Pilot Assist<section>Система предупреждения об опасности столкновения, при движении вперед<section>Система контроля полосы движения с противодействующим усилием в рулевой системе<section>Система предотвращения скатывания автомобиля на подъеме<section>Подушки безопасности водителя и пассажира<section>Боковые подушки безопасности SIPS<section>Надувные занавесы безопасности, IC<section>Система защиты от плетевых травм WHIPS, передние сиденья<section>Сигнализация непристегнутого ремня безопасности, все сиденья<section>Ремни безопасности с преднатяжителями (передние, задние)<section>Крепление для детского сиденья, ISOFIX на задних сиденьях<section>Система помощи при экстренном торможении, EBA<section>Дополнительный стоп - сигнал<section>Система контроля давления воздуха в шинах (iTPMS)<section>Светодиодные фары<section>Парковочный радар, передний и задний<section>Система ""Volvo On Call""/ERA GLONASS<section>Электронное ограничение скорости 180 км/ч<section>Система распознавания дорожных знаков",Беспроводная (индукционная) зарядка для смартфонов<section>Интеллектуальная информационная система водителя (IDIS)<section>Аудио Sensus Connect HIGH PERFOMANCE<section>Bluetooth - система синхронизации мобильного телефона с аудиосистемой а/м<section>Голосовое управление,Противоугонная система VOLVO<section>Датчик движения противоугонной системы<section>Датчик уровня автомобиля противоугонной системы,"Система ""чистый воздух"", мультифильтр 3 с датчиком твердых частиц<section>Чехол для автомобиля транспортировочный<section>Механический замок багажника<section>Запасное колесо  (докатка)<section>Домкрат<section>Знак аварийной остановки<section>Розетка на 12В в багажном отделении<section>Топливный бак, 60 литров<section>Без системы ""Мертвый замок"" - Dead Lock<section>Система ""чистый воздух"", мультифильтр",Бензиновый,2.0,190,300,5.7,9.3,7.0,8.7,Автоматическая,8,Передний,Седан,4,500,4963,2019,1443,156,3 года или 100000 км,Черный (Onyx Black),Седан,Премиальный класс,"Кожа(лицевая часть) Черного цвета в черном интерьере/ Отделка салона Checkered aluminium (Mom), Grey Ash (Insc)","г. Москва, МКАД 18 км
ежедневно с 8.00 до 22.00<section>г. Москва, ул. Маршала Прошлякова (бывший Лыковский проезд), д. 13
ежедневно с 8.00 до 22.00<section>г. Москва, Новорижское шоссе 9 км от МКАД
ежедневно с 8.00 до 22.00<section>г. Москва, МКАД 47 км
ежедневно с 8.00 до 22.00","https://www.major-auto.ru/cars/brands/volvo/s90-ii/1314555/,https://www.major-auto.ru/cars/brands/volvo/s90-ii/1312051/,https://www.major-auto.ru/cars/brands/volvo/s90-ii/1312056/,https://www.major-auto.ru/cars/brands/volvo/s90-ii/1314551/","https://www.major-auto.ru/cars/moscow/volvo/xc60/1406723/,https://www.major-auto.ru/cars/moscow/volvo/xc60/1400403/,https://www.major-auto.ru/cars/moscow/volvo/v90-cross-country/1404941/,https://www.major-auto.ru/cars/moscow/volvo/xc90/1405583/",2021,"с ПТС,В наличии","https://www.major-auto.ru/locations/moscow/volvo_novorig/,https://www.major-auto.ru/locations/moscow/volvo_strogino/,https://www.major-auto.ru/locations/moscow/volvo_mkad47/,https://www.major-auto.ru/locations/moscow/volvo_kap/",,,,,Москве,Volvo,S90,Inscription 2.0 AT