url,Фото,Видео,Фото модели,В наличии,Цена,Цвет,Год выпуска,Кузов,Количество мест,Объем двигателя (л),Мощность двигателя (л.с.),Длина кузова (мм),Ширина кузова (мм),Высота кузова (мм),Объем багажника (л),Рекомендуемое топливо,Емкость топливного бака,Смешанный цикл (на 100км),Городской цикл (на 100км),Загородный цикл (на 100км),Максимальная скорость,Время разгона 0-100 км/ч,Экстерьер,Комфорт,Безопасность,Мультимедиа,Противоугонные системы,Зимний комфорт,Пассивная безопасность,Дополнительное оборудование + цена,Марка,Модель,Комплектация,Привод,Адрес салона,Юридическая информация
https://toyota-major.ru/new-cars/new/toyota/land-cruiser-prado/n2398574,"https://locator-backend.tradedealer.ru/media/cache/resolve/cars_inset_photos_vdp_mobile/tradeins.space/uploads/photo/7252661/99fad7f56a9bef307cbf7b16da0f8040.png?resolver=storage,https://locator-backend.tradedealer.ru/media/cache/resolve/cars_inset_photos_vdp_mobile/tradeins.space/uploads/photo/7252667/e7f33fdf1a986ee6b11fbc79cc8fa9c7.png?resolver=storage,https://locator-backend.tradedealer.ru/media/cache/resolve/cars_inset_photos_vdp_mobile/tradeins.space/uploads/photo/7252673/ee0d2caba982c4ed058879adb7b5c5e4.png?resolver=storage,https://locator-backend.tradedealer.ru/media/cache/resolve/cars_inset_photos_vdp_mobile/tradeins.space/uploads/photo/7252669/49ed500853fa8ead3eeae072bac50e0e.png?resolver=storage,https://locator-backend.tradedealer.ru/media/cache/resolve/cars_inset_photos_vdp_mobile/tradeins.space/uploads/photo/7252675/c32c1e0f1ae6c00abec7286fec1f1d9c.png?resolver=storage,https://locator-backend.tradedealer.ru/media/cache/resolve/cars_inset_photos_vdp_mobile/tradeins.space/uploads/photo/7252671/76252835f9747688012f8e13d914dda3.png?resolver=storage,https://locator-backend.tradedealer.ru/media/cache/resolve/cars_inset_photos_vdp_mobile/tradeins.space/uploads/photo/7252663/801492f71d4dede26ffc0691e6bb512c.png?resolver=storage,https://locator-backend.tradedealer.ru/media/cache/resolve/cars_inset_photos_vdp_mobile/tradeins.space/uploads/photo/7252665/12a728716620433d486bb8c41a8beacc.png?resolver=storage",https://www.youtube.com/embed/3PFG6n4FI_k,"https://locator-backend.tradedealer.ru/media/cache/resolve/gallery_preview_vdp_desktop/tradeins.space/uploads/models_gallery_image/16906/ab8ecac15e94b5141673d42381da5d8faef06d03.jpeg?resolver=storage,https://yc-images.tradedealer.net/gallery_preview_vdp_desktop/tradeins.space-uploads-models_gallery_image-16907-e2b64dd5c6ad32362c82f50657a48b6c03de073c.jpeg,https://yc-images.tradedealer.net/gallery_preview_vdp_desktop/tradeins.space-uploads-models_gallery_image-16908-f96f7d7e865e82cb0abcd3b98352f8e6e198d15a.jpeg,https://locator-backend.tradedealer.ru/media/cache/resolve/gallery_preview_vdp_desktop/tradeins.space/uploads/models_gallery_image/16909/c299c314910e06c9f43dcbd28b8cca3c366672a3.jpeg?resolver=storage,https://locator-backend.tradedealer.ru/media/cache/resolve/gallery_preview_vdp_desktop/tradeins.space/uploads/models_gallery_image/16303/d79262e86ea81144b490e58d72ada4bfa1f46fe3.jpeg?resolver=storage,https://locator-backend.tradedealer.ru/media/cache/resolve/gallery_preview_vdp_desktop/tradeins.space/uploads/models_gallery_image/16305/0999beb99eaa8163aa5449284f3a2d142579ce74.jpeg?resolver=storage,https://locator-backend.tradedealer.ru/media/cache/resolve/gallery_preview_vdp_desktop/tradeins.space/uploads/models_gallery_image/16301/dda8539d14c60820ba02c056e286d4fd1ae8fa1d.jpeg?resolver=storage,https://locator-backend.tradedealer.ru/media/cache/resolve/gallery_preview_vdp_desktop/tradeins.space/uploads/models_gallery_image/16302/087de0845ce54516292eb4d623a57c74a56e8627.jpeg?resolver=storage,https://locator-backend.tradedealer.ru/media/cache/resolve/gallery_preview_vdp_desktop/tradeins.space/uploads/models_gallery_image/16307/e134364ce7fa7de3a273e00c5729c5407e2f2a86.jpeg?resolver=storage,https://locator-backend.tradedealer.ru/media/cache/resolve/gallery_preview_vdp_desktop/tradeins.space/uploads/models_gallery_image/16306/77eda5a9c5d7d1f7eca032d3685ccbc47e511144.jpeg?resolver=storage,https://locator-backend.tradedealer.ru/media/cache/resolve/gallery_preview_vdp_desktop/tradeins.space/uploads/models_gallery_image/16300/505a477ed062ab292bcaaf20a84fad2edb463e3d.jpeg?resolver=storage,https://locator-backend.tradedealer.ru/media/cache/resolve/gallery_preview_vdp_desktop/tradeins.space/uploads/models_gallery_image/16299/0adf1d9271a70661bc260239a9876063442cd8d7.jpeg?resolver=storage,https://locator-backend.tradedealer.ru/media/cache/resolve/gallery_preview_vdp_desktop/tradeins.space/uploads/models_gallery_image/16304/02662f31c91e1cf4373bb7d23ec64d6dd3faa891.jpeg?resolver=storage,https://locator-backend.tradedealer.ru/media/cache/resolve/gallery_preview_vdp_desktop/tradeins.space/uploads/models_gallery_image/16308/704afaa5dfce802480d5979b3ee221759a585eb4.jpeg?resolver=storage,https://locator-backend.tradedealer.ru/media/cache/resolve/gallery_preview_vdp_desktop/tradeins.space/uploads/models_gallery_image/16309/d2aa2b9dc6fb443fdc7d5fa22ff017eaf7dda61c.jpeg?resolver=storage,https://locator-backend.tradedealer.ru/media/cache/resolve/gallery_preview_vdp_desktop/tradeins.space/uploads/models_gallery_image/16311/2f361f037bde2be119cdf1664c0e387649547cde.jpeg?resolver=storage,https://locator-backend.tradedealer.ru/media/cache/resolve/gallery_preview_vdp_desktop/tradeins.space/uploads/models_gallery_image/16310/be3b2dd236990fb86d6826a97a39862e6bf3632c.jpeg?resolver=storage,https://locator-backend.tradedealer.ru/media/cache/resolve/gallery_preview_vdp_desktop/tradeins.space/uploads/models_gallery_image/16312/ccefc293c1e3bb42ed7eba698515e0798c0b1709.jpeg?resolver=storage,https://locator-backend.tradedealer.ru/media/cache/resolve/gallery_preview_vdp_desktop/tradeins.space/uploads/models_gallery_image/16910/4e9d7ade743197ec3f8dd8deb0e7f6dca7449ae5.jpeg?resolver=storage,https://locator-backend.tradedealer.ru/media/cache/resolve/gallery_preview_vdp_desktop/tradeins.space/uploads/models_gallery_image/16911/655e983ad3c1508dab783f9624253e69ab580fae.jpeg?resolver=storage,https://locator-backend.tradedealer.ru/media/cache/resolve/gallery_preview_vdp_desktop/tradeins.space/uploads/models_gallery_image/16316/b64dbc207c9e084cc3f4f18411aaee8fc7b30e41.jpeg?resolver=storage,https://locator-backend.tradedealer.ru/media/cache/resolve/gallery_preview_vdp_desktop/tradeins.space/uploads/models_gallery_image/16912/857d836853c590ce288d88ebc685933695383e0b.jpeg?resolver=storage,https://locator-backend.tradedealer.ru/media/cache/resolve/gallery_preview_vdp_desktop/tradeins.space/uploads/models_gallery_image/16317/a044ba0939e71ae8ff21f061f6c6df0ed30e230b.jpeg?resolver=storage,https://locator-backend.tradedealer.ru/media/cache/resolve/gallery_preview_vdp_desktop/tradeins.space/uploads/models_gallery_image/16913/eb65755c7a3a28f2d99dca057b0e7fa8e8a6f5c7.jpeg?resolver=storage,https://locator-backend.tradedealer.ru/media/cache/resolve/gallery_preview_vdp_desktop/tradeins.space/uploads/models_gallery_image/16318/11b9f671fe4e1164dd17e29da6da33278440977a.jpeg?resolver=storage,https://locator-backend.tradedealer.ru/media/cache/resolve/gallery_preview_vdp_desktop/tradeins.space/uploads/models_gallery_image/16319/0980e73e8784e52ec39ddcafdab122cbf4fa9132.jpeg?resolver=storage,https://locator-backend.tradedealer.ru/media/cache/resolve/gallery_preview_vdp_desktop/tradeins.space/uploads/models_gallery_image/16320/e1107732928569f4c6a162825f2958afed49e8b1.jpeg?resolver=storage,https://locator-backend.tradedealer.ru/media/cache/resolve/gallery_preview_vdp_desktop/tradeins.space/uploads/models_gallery_image/16321/5215b7a248b263c120c5b0516cd7cf6943fcb8aa.jpeg?resolver=storage,https://locator-backend.tradedealer.ru/media/cache/resolve/gallery_preview_vdp_desktop/tradeins.space/uploads/models_gallery_image/16323/9fbb9c1a66b0360a7e7973772dc2e92df4fc1591.jpeg?resolver=storage,https://locator-backend.tradedealer.ru/media/cache/resolve/gallery_preview_vdp_desktop/tradeins.space/uploads/models_gallery_image/16322/e2505265a93c47817c13e293abfecbe202545d1f.jpeg?resolver=storage,https://locator-backend.tradedealer.ru/media/cache/resolve/gallery_preview_vdp_desktop/tradeins.space/uploads/models_gallery_image/16914/17547dd6b09235e9e661229f4805f774857884ab.jpeg?resolver=storage,https://locator-backend.tradedealer.ru/media/cache/resolve/gallery_preview_vdp_desktop/tradeins.space/uploads/models_gallery_image/16915/62f023560ca0d5c64a5559cc87c3e770e60ae60a.jpeg?resolver=storage,https://locator-backend.tradedealer.ru/media/cache/resolve/gallery_preview_vdp_desktop/tradeins.space/uploads/models_gallery_image/16916/e1a7c2fae7effb5a875b6a98315bd159d37e5311.jpeg?resolver=storage,https://locator-backend.tradedealer.ru/media/cache/resolve/gallery_preview_vdp_desktop/tradeins.space/uploads/models_gallery_image/16917/52625f55badbb0953c657c4bbfdb47a1737b0e21.jpeg?resolver=storage,https://locator-backend.tradedealer.ru/media/cache/resolve/gallery_preview_vdp_desktop/tradeins.space/uploads/models_gallery_image/16918/d6b1ad3a543a1d90a48a739abaaded629595286e.jpeg?resolver=storage,https://locator-backend.tradedealer.ru/media/cache/resolve/gallery_preview_vdp_desktop/tradeins.space/uploads/models_gallery_image/16919/27b0475f21a0a13b167552fa33d1b03fbcddcf05.jpeg?resolver=storage,https://locator-backend.tradedealer.ru/media/cache/resolve/gallery_preview_vdp_desktop/tradeins.space/uploads/models_gallery_image/16315/c7beede79fd4129c4174680dd63bd58e2caf7b27.jpeg?resolver=storage,https://locator-backend.tradedealer.ru/media/cache/resolve/gallery_preview_vdp_desktop/tradeins.space/uploads/models_gallery_image/16313/3debe77070e1d9b7bd5d6546aca38ba6e7d71159.jpeg?resolver=storage,https://locator-backend.tradedealer.ru/media/cache/resolve/gallery_preview_vdp_desktop/tradeins.space/uploads/models_gallery_image/16314/65e40d43d8cb6c753fb52fdc17a54365f91f3e35.jpeg?resolver=storage",В наличии,5911000,Белый,2021,Внедорожник,5,4.0,249,4840,1885,1895,621,Бензин,87,11.6,15.5,9.4,175,0,"Боковые подножки с подсветкой,Брызговики передние и задние,Декоративная накладка на задней двери цвета «темный хром»,Декоративные накладки черного цвета на противотуманные фары,Задние фонари оригинального дизайна c черными вставками,Легкосплавные колесные диски черного цвета,Обрамление решетки радиатора и фар цвета «темный хром»,Окантовка боковых стекол черного цвета,Омыватель фар,Полноразмерное запасное колесо,Рейлинги на крыше,Решетка радиатора черного глянцевого цвета,Светодиодные дневные ходовые огни,Светодиодные противотуманные фары,Светодиодные фары ближнего и дальнего света,Черные корпуса зеркал заднего вида,Шины 265/60 R18","Блокировка межосевого дифференциала,Гидроусилитель рулевого управления,Датчик дождя,Датчик света,Задние датчики парковки,Интеллектуальная система доступа в автомобиль и запуск двигателя нажатием кнопки Smart Entry & Push Start,Камера заднего вида,Комплект резиновых ковриков для первого и второго рядов сидений,Мультифункциональное рулевое колесо с кожаной¹ обивкой,Обивка сидений тканью,Отделка салона вставками «под дерево»,Охлаждаемая емкость в переднем центральном подлокотнике,Передние датчики парковки,Передние и задние электростеклоподъемники,Подсветка в зоне ног водителя и переднего пасажира,Принудительная блокировка заднего межколесного дифференциала,Сиденье водителя с электрорегулировкой поясничной опоры,Система мониторинга давления в шинах,Складываемые боковые зеркала заднего вида с электрорегулировкой и электроприводом складывания,Складываемый второй ряд сидений в пропорции 60:40,Трехзонный климат-контроль,Цветной дисплей на панели приборов TFT 4.2'',Центральный дифференциал повышенного трения TORSEN,Электропривод водительского сиденья в 8 направлениях,Электрорегулировка пассажирского сидения в 4 направлениях,Электрорегулировка рулевой колонки по вылету и по наклону,Электрохромное внутрисалонное зеркало заднего вида","Активные подголовники передних сидений,Антиблокировочная система (ABS),Боковые подушки безопасности,Коленная подушка безопасности водителя,Крепления ISOFIX для детских автокресел,Набор автомобилиста,Система вызова экстренных оперативных служб «Эра Глонасс»,Система курсовой устойчивости (VSC),Система распределения тормозного усилия (EBD),Усилитель экстренного торможения (BAS),Фронтальные подушки безопасности,Шторки безопасности","9” цветной LCD дисплей на центральной консоли,Аудиосистема MP3/WMA/USB 9 динамиков,Коммуникационная система Bluetooth,Мультимедийная система нового поколения MM'19 с поддержкой Apple Carplay©  и Android Auto©,Разъем USB для подключения внешних устройств,Функции Toyota Connected Services","Датчик перемещения ключа, передающий сигнал в блок управления центральным замком для дополнительной защиты от угона,Иммобилайзер,Сигнализация с датчиками внутреннего объема и наклона автомобиля,Уникальный противоугонный идентификатор T-mark,Центральный замок с дистанционным управлением и двойной блокировкой","Дополнительные воздуховоды для второго ряда сидений,Дополнительный электрический отопитель салона,Зеркала заднего вида с обогревом,Индикатор низкого уровня омывающей жидкости,Подогрев передних сидений,Потолочные воздуховоды для задних пассажиров,Электрообогрев лобового стекла,Электрообогрев рулевого колеса,Электрообогрев форсунок стеклоомывателя",,"1300000<section>Охранно-поисковый комплекс «Цезарь Platinum X+» или «DELTA SYSTEMS 5» или «Элемент Максимум PRO» + Эксклюзивная сервисная карта «РАЛЛИ» + Комплект защитных сеток радиатора, Обработка днища напыляемой шумоизоляцией с защитой от коррозии и гравия,  Защитное керамическое покрытие кузова Ceramic 9H длительного срока действия, обработка салона, обработка лобового стекла составом Антидождь, Комплект подкрылков,<separator>",Toyota,Land Cruiser Prado,Элеганс Плюс,Полный,"Москва, Сокольнический вал, д. 1 л","В комплектациях с кожаной обивкой салона применяется комбинация из натуральной и синтетической кожи.
Автомобили, представленные на фото, могут отличаться от автомобилей, доступных для заказа у официальных дилеров Тойота.
Автомобиль поступит в дилерский центр в срок от 1 до 40 дней. Точную дату доставки вы можете уточнить у сотрудника дилерского центра.
Автомобиль поступит в дилерский центр в срок от 7 до 150 дней. Точную дату доставки вы можете уточнить у сотрудника дилерского центра.
Цены, указанные на сайте, идут без учета дополнительно установленных аксессуаров. Наличие аксессуаров на выбранном авто, стоимость автомобиля вы можете уточнить у сотрудника дилерского центра.
"
https://toyota-major.ru/new-cars/new/toyota/land-cruiser-prado/n2464475,"https://locator-backend.tradedealer.ru/media/cache/resolve/cars_inset_photos_vdp_mobile/tradeins.space/uploads/photo/10835104/ad4cb05d4af41edd525eef771c23a9a8.png?resolver=storage,https://locator-backend.tradedealer.ru/media/cache/resolve/cars_inset_photos_vdp_mobile/tradeins.space/uploads/photo/10835056/004676aa87cb72dcb2c468841a721cfb.png?resolver=storage,https://locator-backend.tradedealer.ru/media/cache/resolve/cars_inset_photos_vdp_mobile/tradeins.space/uploads/photo/10834902/d09110ee96522d36816da54f143f4279.png?resolver=storage,https://locator-backend.tradedealer.ru/media/cache/resolve/cars_inset_photos_vdp_mobile/tradeins.space/uploads/photo/10834996/a7fb545702228fdf1d02786ea9e1370a.png?resolver=storage,https://locator-backend.tradedealer.ru/media/cache/resolve/cars_inset_photos_vdp_mobile/tradeins.space/uploads/photo/10834906/e43653727f3777f00769ddfdddfb53ca.png?resolver=storage,https://locator-backend.tradedealer.ru/media/cache/resolve/cars_inset_photos_vdp_mobile/tradeins.space/uploads/photo/10834918/d261fdedf2e9cad087a71c5ad491bb34.png?resolver=storage,https://locator-backend.tradedealer.ru/media/cache/resolve/cars_inset_photos_vdp_mobile/tradeins.space/uploads/photo/10834924/18a8436f8b35effe5443da3187c4685d.png?resolver=storage,https://locator-backend.tradedealer.ru/media/cache/resolve/cars_inset_photos_vdp_mobile/tradeins.space/uploads/photo/10835101/cd0c0b2689ca524676cf86e886d93a42.png?resolver=storage",https://www.youtube.com/embed/3PFG6n4FI_k,"https://locator-backend.tradedealer.ru/media/cache/resolve/gallery_preview_vdp_desktop/tradeins.space/uploads/models_gallery_image/16906/ab8ecac15e94b5141673d42381da5d8faef06d03.jpeg?resolver=storage,https://yc-images.tradedealer.net/gallery_preview_vdp_desktop/tradeins.space-uploads-models_gallery_image-16907-e2b64dd5c6ad32362c82f50657a48b6c03de073c.jpeg,https://yc-images.tradedealer.net/gallery_preview_vdp_desktop/tradeins.space-uploads-models_gallery_image-16908-f96f7d7e865e82cb0abcd3b98352f8e6e198d15a.jpeg,https://locator-backend.tradedealer.ru/media/cache/resolve/gallery_preview_vdp_desktop/tradeins.space/uploads/models_gallery_image/16909/c299c314910e06c9f43dcbd28b8cca3c366672a3.jpeg?resolver=storage,https://locator-backend.tradedealer.ru/media/cache/resolve/gallery_preview_vdp_desktop/tradeins.space/uploads/models_gallery_image/16303/d79262e86ea81144b490e58d72ada4bfa1f46fe3.jpeg?resolver=storage,https://locator-backend.tradedealer.ru/media/cache/resolve/gallery_preview_vdp_desktop/tradeins.space/uploads/models_gallery_image/16305/0999beb99eaa8163aa5449284f3a2d142579ce74.jpeg?resolver=storage,https://locator-backend.tradedealer.ru/media/cache/resolve/gallery_preview_vdp_desktop/tradeins.space/uploads/models_gallery_image/16301/dda8539d14c60820ba02c056e286d4fd1ae8fa1d.jpeg?resolver=storage,https://locator-backend.tradedealer.ru/media/cache/resolve/gallery_preview_vdp_desktop/tradeins.space/uploads/models_gallery_image/16302/087de0845ce54516292eb4d623a57c74a56e8627.jpeg?resolver=storage,https://locator-backend.tradedealer.ru/media/cache/resolve/gallery_preview_vdp_desktop/tradeins.space/uploads/models_gallery_image/16307/e134364ce7fa7de3a273e00c5729c5407e2f2a86.jpeg?resolver=storage,https://locator-backend.tradedealer.ru/media/cache/resolve/gallery_preview_vdp_desktop/tradeins.space/uploads/models_gallery_image/16306/77eda5a9c5d7d1f7eca032d3685ccbc47e511144.jpeg?resolver=storage,https://locator-backend.tradedealer.ru/media/cache/resolve/gallery_preview_vdp_desktop/tradeins.space/uploads/models_gallery_image/16300/505a477ed062ab292bcaaf20a84fad2edb463e3d.jpeg?resolver=storage,https://locator-backend.tradedealer.ru/media/cache/resolve/gallery_preview_vdp_desktop/tradeins.space/uploads/models_gallery_image/16299/0adf1d9271a70661bc260239a9876063442cd8d7.jpeg?resolver=storage,https://locator-backend.tradedealer.ru/media/cache/resolve/gallery_preview_vdp_desktop/tradeins.space/uploads/models_gallery_image/16304/02662f31c91e1cf4373bb7d23ec64d6dd3faa891.jpeg?resolver=storage,https://locator-backend.tradedealer.ru/media/cache/resolve/gallery_preview_vdp_desktop/tradeins.space/uploads/models_gallery_image/16308/704afaa5dfce802480d5979b3ee221759a585eb4.jpeg?resolver=storage,https://locator-backend.tradedealer.ru/media/cache/resolve/gallery_preview_vdp_desktop/tradeins.space/uploads/models_gallery_image/16309/d2aa2b9dc6fb443fdc7d5fa22ff017eaf7dda61c.jpeg?resolver=storage,https://locator-backend.tradedealer.ru/media/cache/resolve/gallery_preview_vdp_desktop/tradeins.space/uploads/models_gallery_image/16311/2f361f037bde2be119cdf1664c0e387649547cde.jpeg?resolver=storage,https://locator-backend.tradedealer.ru/media/cache/resolve/gallery_preview_vdp_desktop/tradeins.space/uploads/models_gallery_image/16310/be3b2dd236990fb86d6826a97a39862e6bf3632c.jpeg?resolver=storage,https://locator-backend.tradedealer.ru/media/cache/resolve/gallery_preview_vdp_desktop/tradeins.space/uploads/models_gallery_image/16312/ccefc293c1e3bb42ed7eba698515e0798c0b1709.jpeg?resolver=storage,https://locator-backend.tradedealer.ru/media/cache/resolve/gallery_preview_vdp_desktop/tradeins.space/uploads/models_gallery_image/16910/4e9d7ade743197ec3f8dd8deb0e7f6dca7449ae5.jpeg?resolver=storage,https://locator-backend.tradedealer.ru/media/cache/resolve/gallery_preview_vdp_desktop/tradeins.space/uploads/models_gallery_image/16911/655e983ad3c1508dab783f9624253e69ab580fae.jpeg?resolver=storage,https://locator-backend.tradedealer.ru/media/cache/resolve/gallery_preview_vdp_desktop/tradeins.space/uploads/models_gallery_image/16316/b64dbc207c9e084cc3f4f18411aaee8fc7b30e41.jpeg?resolver=storage,https://locator-backend.tradedealer.ru/media/cache/resolve/gallery_preview_vdp_desktop/tradeins.space/uploads/models_gallery_image/16912/857d836853c590ce288d88ebc685933695383e0b.jpeg?resolver=storage,https://locator-backend.tradedealer.ru/media/cache/resolve/gallery_preview_vdp_desktop/tradeins.space/uploads/models_gallery_image/16317/a044ba0939e71ae8ff21f061f6c6df0ed30e230b.jpeg?resolver=storage,https://locator-backend.tradedealer.ru/media/cache/resolve/gallery_preview_vdp_desktop/tradeins.space/uploads/models_gallery_image/16913/eb65755c7a3a28f2d99dca057b0e7fa8e8a6f5c7.jpeg?resolver=storage,https://locator-backend.tradedealer.ru/media/cache/resolve/gallery_preview_vdp_desktop/tradeins.space/uploads/models_gallery_image/16318/11b9f671fe4e1164dd17e29da6da33278440977a.jpeg?resolver=storage,https://locator-backend.tradedealer.ru/media/cache/resolve/gallery_preview_vdp_desktop/tradeins.space/uploads/models_gallery_image/16319/0980e73e8784e52ec39ddcafdab122cbf4fa9132.jpeg?resolver=storage,https://locator-backend.tradedealer.ru/media/cache/resolve/gallery_preview_vdp_desktop/tradeins.space/uploads/models_gallery_image/16320/e1107732928569f4c6a162825f2958afed49e8b1.jpeg?resolver=storage,https://locator-backend.tradedealer.ru/media/cache/resolve/gallery_preview_vdp_desktop/tradeins.space/uploads/models_gallery_image/16321/5215b7a248b263c120c5b0516cd7cf6943fcb8aa.jpeg?resolver=storage,https://locator-backend.tradedealer.ru/media/cache/resolve/gallery_preview_vdp_desktop/tradeins.space/uploads/models_gallery_image/16323/9fbb9c1a66b0360a7e7973772dc2e92df4fc1591.jpeg?resolver=storage,https://locator-backend.tradedealer.ru/media/cache/resolve/gallery_preview_vdp_desktop/tradeins.space/uploads/models_gallery_image/16322/e2505265a93c47817c13e293abfecbe202545d1f.jpeg?resolver=storage,https://locator-backend.tradedealer.ru/media/cache/resolve/gallery_preview_vdp_desktop/tradeins.space/uploads/models_gallery_image/16914/17547dd6b09235e9e661229f4805f774857884ab.jpeg?resolver=storage,https://locator-backend.tradedealer.ru/media/cache/resolve/gallery_preview_vdp_desktop/tradeins.space/uploads/models_gallery_image/16915/62f023560ca0d5c64a5559cc87c3e770e60ae60a.jpeg?resolver=storage,https://locator-backend.tradedealer.ru/media/cache/resolve/gallery_preview_vdp_desktop/tradeins.space/uploads/models_gallery_image/16916/e1a7c2fae7effb5a875b6a98315bd159d37e5311.jpeg?resolver=storage,https://locator-backend.tradedealer.ru/media/cache/resolve/gallery_preview_vdp_desktop/tradeins.space/uploads/models_gallery_image/16917/52625f55badbb0953c657c4bbfdb47a1737b0e21.jpeg?resolver=storage,https://locator-backend.tradedealer.ru/media/cache/resolve/gallery_preview_vdp_desktop/tradeins.space/uploads/models_gallery_image/16918/d6b1ad3a543a1d90a48a739abaaded629595286e.jpeg?resolver=storage,https://locator-backend.tradedealer.ru/media/cache/resolve/gallery_preview_vdp_desktop/tradeins.space/uploads/models_gallery_image/16919/27b0475f21a0a13b167552fa33d1b03fbcddcf05.jpeg?resolver=storage,https://locator-backend.tradedealer.ru/media/cache/resolve/gallery_preview_vdp_desktop/tradeins.space/uploads/models_gallery_image/16315/c7beede79fd4129c4174680dd63bd58e2caf7b27.jpeg?resolver=storage,https://locator-backend.tradedealer.ru/media/cache/resolve/gallery_preview_vdp_desktop/tradeins.space/uploads/models_gallery_image/16313/3debe77070e1d9b7bd5d6546aca38ba6e7d71159.jpeg?resolver=storage,https://locator-backend.tradedealer.ru/media/cache/resolve/gallery_preview_vdp_desktop/tradeins.space/uploads/models_gallery_image/16314/65e40d43d8cb6c753fb52fdc17a54365f91f3e35.jpeg?resolver=storage",На центральном складе,6861000,Черный,2021,Внедорожник,7,4.0,249,4857,1885,1895,104,Бензин,87,11.6,15.5,9.4,175,0,"Боковые подножки с подсветкой,Брызговики передние и задние,Две эмблемы специальной серии «Black Onyx» на задних стойках автомобиля,Декоративная накладка на задней двери цвета «темный хром»,Декоративные накладки черного цвета на противотуманные фары,Задние фонари оригинального дизайна c черными вставками,Легкосплавные колесные диски,Люк с электроприводом,Накладка на задний бампер дизайна «Black Onyx»,Накладка на передний бампер дизайна «Black Onyx»,Обрамление решетки радиатора и фар цвета «темный хром»,Окантовка боковых стекол черного цвета,Омыватель фар,Полноразмерное запасное колесо,Рейлинги на крыше,Решетка радиатора черного глянцевого цвета,Светодиодные дневные ходовые огни,Светодиодные противотуманные фары,Светодиодные фары ближнего и дальнего света,Черные корпуса зеркал заднего вида,Шины 265/55 R19","4 камеры по периметру автомобиля с системой помощи при движении по бездорожью (Multi-terrain Monitor),Адаптивная регулируемая подвеска (AVS),Блокировка межосевого дифференциала,Вентиляция передних сидений,Гидроусилитель рулевого управления,Датчик дождя,Датчик света,Задние датчики парковки,Интеллектуальная система доступа в автомобиль и запуск двигателя нажатием кнопки Smart Entry & Push Start,Комплект резиновых ковриков для первого и второго рядов сидений,Мультифункциональное рулевое колесо с кожаной¹ обивкой и вставками «под дерево»,Обивка сидений кожей¹,Отделка салона вставками «под дерево»,Охлаждаемая емкость в переднем центральном подлокотнике,Память водительского сиденья и рулевой колонки в 2 положениях,Передние датчики парковки,Передние и задние электростеклоподъемники,Пневматическая задняя подвеска (AHC),Подсветка в зоне ног водителя и переднего пасажира,Принудительная блокировка заднего межколесного дифференциала,Сиденье водителя с электрорегулировкой поясничной опоры,Система выбора режимов движения ECO/NORMAL/COMFORT/SPORT S/SPORT S+,Система мониторинга давления в шинах,Система стабилизации положения кузова (KDSS),Складываемые боковые зеркала заднего вида с электрорегулировкой и электроприводом складывания,Складываемый второй ряд сидений в пропорции 60:40,Третий ряд сидений с электроприводом складывания,Трехзонный климат-контроль,Цветной дисплей на панели приборов TFT 4.2'',Центральный дифференциал повышенного трения TORSEN,Электропривод водительского сиденья в 8 направлениях,Электрорегулировка пассажирского сидения в 4 направлениях,Электрорегулировка рулевой колонки по вылету и по наклону,Электрохромное внутрисалонное зеркало заднего вида","Активные подголовники передних сидений,Антиблокировочная система (ABS),Боковые подушки безопасности,Коленная подушка безопасности водителя,Крепления ISOFIX для детских автокресел,Набор автомобилиста,Система вызова экстренных оперативных служб «Эра Глонасс»,Система курсовой устойчивости (VSC),Система распределения тормозного усилия (EBD),Усилитель экстренного торможения (BAS),Фронтальные подушки безопасности,Шторки безопасности","9” цветной LCD дисплей на центральной консоли,Аудиосистема премиум класса JBL с поддержкой MP3/WMA 14 динамиков,Коммуникационная система Bluetooth,Мультимедийная система нового поколения MM'19 с поддержкой Apple Carplay©  и Android Auto©,Навигационная система на русском языке,Разъем USB для подключения внешних устройств,Функции Toyota Connected Services","Датчик перемещения ключа, передающий сигнал в блок управления центральным замком для дополнительной защиты от угона,Иммобилайзер,Сигнализация с датчиками внутреннего объема и наклона автомобиля,Уникальный противоугонный идентификатор T-mark,Центральный замок с дистанционным управлением и двойной блокировкой","Дополнительные воздуховоды для второго ряда сидений,Дополнительный электрический отопитель салона,Зеркала заднего вида с обогревом,Индикатор низкого уровня омывающей жидкости,Подогрев задних сидений,Подогрев передних сидений,Потолочные воздуховоды для задних пассажиров,Электрообогрев лобового стекла,Электрообогрев рулевого колеса,Электрообогрев форсунок стеклоомывателя",,"1300000<section>Охранно-поисковый комплекс «Цезарь Platinum X+» или «DELTA SYSTEMS 5» или «Элемент Максимум PRO» + Эксклюзивная сервисная карта «РАЛЛИ» + Комплект защитных сеток радиатора, Обработка днища напыляемой шумоизоляцией с защитой от коррозии и гравия,  Защитное керамическое покрытие кузова Ceramic 9H длительного срока действия, обработка салона, обработка лобового стекла составом Антидождь, Комплект подкрылков<separator>",Toyota,Land Cruiser Prado,Black Onyx (7 мест),Полный,"Москва, 1-я Магистральная, д.13, стр.2","В комплектациях с кожаной обивкой салона применяется комбинация из натуральной и синтетической кожи.
Автомобили, представленные на фото, могут отличаться от автомобилей, доступных для заказа у официальных дилеров Тойота.
Автомобиль поступит в дилерский центр в срок от 1 до 40 дней. Точную дату доставки вы можете уточнить у сотрудника дилерского центра.
Автомобиль поступит в дилерский центр в срок от 7 до 150 дней. Точную дату доставки вы можете уточнить у сотрудника дилерского центра.
Цены, указанные на сайте, идут без учета дополнительно установленных аксессуаров. Наличие аксессуаров на выбранном авто, стоимость автомобиля вы можете уточнить у сотрудника дилерского центра.
"
https://toyota-major.ru/new-cars/new/toyota/land-cruiser-prado/n2464354,"https://locator-backend.tradedealer.ru/media/cache/resolve/cars_inset_photos_vdp_mobile/tradeins.space/uploads/photo/10834074/0e30ba4d82cd11d798e7c1619e96d37a.png?resolver=storage,https://locator-backend.tradedealer.ru/media/cache/resolve/cars_inset_photos_vdp_mobile/tradeins.space/uploads/photo/10834079/65886b5fa4687d03125408897b883c38.png?resolver=storage,https://locator-backend.tradedealer.ru/media/cache/resolve/cars_inset_photos_vdp_mobile/tradeins.space/uploads/photo/10834098/2d5a8d040216e4ce527e49e1fa15fdee.png?resolver=storage,https://locator-backend.tradedealer.ru/media/cache/resolve/cars_inset_photos_vdp_mobile/tradeins.space/uploads/photo/10834081/01e95b7fd9dd4a1126c1de71fab17645.png?resolver=storage,https://locator-backend.tradedealer.ru/media/cache/resolve/cars_inset_photos_vdp_mobile/tradeins.space/uploads/photo/10834103/6233f498bf3f424da7acc0612c52f6da.png?resolver=storage,https://locator-backend.tradedealer.ru/media/cache/resolve/cars_inset_photos_vdp_mobile/tradeins.space/uploads/photo/10834094/396acd9471fed56719175a2325baf48a.png?resolver=storage,https://locator-backend.tradedealer.ru/media/cache/resolve/cars_inset_photos_vdp_mobile/tradeins.space/uploads/photo/10834085/426bbe999304ad2b6cf67b28825481bf.png?resolver=storage,https://locator-backend.tradedealer.ru/media/cache/resolve/cars_inset_photos_vdp_mobile/tradeins.space/uploads/photo/10834075/874a9b5641a8d8ff15f549e5c2c6962f.png?resolver=storage",https://www.youtube.com/embed/3PFG6n4FI_k,"https://locator-backend.tradedealer.ru/media/cache/resolve/gallery_preview_vdp_desktop/tradeins.space/uploads/models_gallery_image/16906/ab8ecac15e94b5141673d42381da5d8faef06d03.jpeg?resolver=storage,https://yc-images.tradedealer.net/gallery_preview_vdp_desktop/tradeins.space-uploads-models_gallery_image-16907-e2b64dd5c6ad32362c82f50657a48b6c03de073c.jpeg,https://yc-images.tradedealer.net/gallery_preview_vdp_desktop/tradeins.space-uploads-models_gallery_image-16908-f96f7d7e865e82cb0abcd3b98352f8e6e198d15a.jpeg,https://locator-backend.tradedealer.ru/media/cache/resolve/gallery_preview_vdp_desktop/tradeins.space/uploads/models_gallery_image/16909/c299c314910e06c9f43dcbd28b8cca3c366672a3.jpeg?resolver=storage,https://locator-backend.tradedealer.ru/media/cache/resolve/gallery_preview_vdp_desktop/tradeins.space/uploads/models_gallery_image/16303/d79262e86ea81144b490e58d72ada4bfa1f46fe3.jpeg?resolver=storage,https://locator-backend.tradedealer.ru/media/cache/resolve/gallery_preview_vdp_desktop/tradeins.space/uploads/models_gallery_image/16305/0999beb99eaa8163aa5449284f3a2d142579ce74.jpeg?resolver=storage,https://locator-backend.tradedealer.ru/media/cache/resolve/gallery_preview_vdp_desktop/tradeins.space/uploads/models_gallery_image/16301/dda8539d14c60820ba02c056e286d4fd1ae8fa1d.jpeg?resolver=storage,https://locator-backend.tradedealer.ru/media/cache/resolve/gallery_preview_vdp_desktop/tradeins.space/uploads/models_gallery_image/16302/087de0845ce54516292eb4d623a57c74a56e8627.jpeg?resolver=storage,https://locator-backend.tradedealer.ru/media/cache/resolve/gallery_preview_vdp_desktop/tradeins.space/uploads/models_gallery_image/16307/e134364ce7fa7de3a273e00c5729c5407e2f2a86.jpeg?resolver=storage,https://locator-backend.tradedealer.ru/media/cache/resolve/gallery_preview_vdp_desktop/tradeins.space/uploads/models_gallery_image/16306/77eda5a9c5d7d1f7eca032d3685ccbc47e511144.jpeg?resolver=storage,https://locator-backend.tradedealer.ru/media/cache/resolve/gallery_preview_vdp_desktop/tradeins.space/uploads/models_gallery_image/16300/505a477ed062ab292bcaaf20a84fad2edb463e3d.jpeg?resolver=storage,https://locator-backend.tradedealer.ru/media/cache/resolve/gallery_preview_vdp_desktop/tradeins.space/uploads/models_gallery_image/16299/0adf1d9271a70661bc260239a9876063442cd8d7.jpeg?resolver=storage,https://locator-backend.tradedealer.ru/media/cache/resolve/gallery_preview_vdp_desktop/tradeins.space/uploads/models_gallery_image/16304/02662f31c91e1cf4373bb7d23ec64d6dd3faa891.jpeg?resolver=storage,https://locator-backend.tradedealer.ru/media/cache/resolve/gallery_preview_vdp_desktop/tradeins.space/uploads/models_gallery_image/16308/704afaa5dfce802480d5979b3ee221759a585eb4.jpeg?resolver=storage,https://locator-backend.tradedealer.ru/media/cache/resolve/gallery_preview_vdp_desktop/tradeins.space/uploads/models_gallery_image/16309/d2aa2b9dc6fb443fdc7d5fa22ff017eaf7dda61c.jpeg?resolver=storage,https://locator-backend.tradedealer.ru/media/cache/resolve/gallery_preview_vdp_desktop/tradeins.space/uploads/models_gallery_image/16311/2f361f037bde2be119cdf1664c0e387649547cde.jpeg?resolver=storage,https://locator-backend.tradedealer.ru/media/cache/resolve/gallery_preview_vdp_desktop/tradeins.space/uploads/models_gallery_image/16310/be3b2dd236990fb86d6826a97a39862e6bf3632c.jpeg?resolver=storage,https://locator-backend.tradedealer.ru/media/cache/resolve/gallery_preview_vdp_desktop/tradeins.space/uploads/models_gallery_image/16312/ccefc293c1e3bb42ed7eba698515e0798c0b1709.jpeg?resolver=storage,https://locator-backend.tradedealer.ru/media/cache/resolve/gallery_preview_vdp_desktop/tradeins.space/uploads/models_gallery_image/16910/4e9d7ade743197ec3f8dd8deb0e7f6dca7449ae5.jpeg?resolver=storage,https://locator-backend.tradedealer.ru/media/cache/resolve/gallery_preview_vdp_desktop/tradeins.space/uploads/models_gallery_image/16911/655e983ad3c1508dab783f9624253e69ab580fae.jpeg?resolver=storage,https://locator-backend.tradedealer.ru/media/cache/resolve/gallery_preview_vdp_desktop/tradeins.space/uploads/models_gallery_image/16316/b64dbc207c9e084cc3f4f18411aaee8fc7b30e41.jpeg?resolver=storage,https://locator-backend.tradedealer.ru/media/cache/resolve/gallery_preview_vdp_desktop/tradeins.space/uploads/models_gallery_image/16912/857d836853c590ce288d88ebc685933695383e0b.jpeg?resolver=storage,https://locator-backend.tradedealer.ru/media/cache/resolve/gallery_preview_vdp_desktop/tradeins.space/uploads/models_gallery_image/16317/a044ba0939e71ae8ff21f061f6c6df0ed30e230b.jpeg?resolver=storage,https://locator-backend.tradedealer.ru/media/cache/resolve/gallery_preview_vdp_desktop/tradeins.space/uploads/models_gallery_image/16913/eb65755c7a3a28f2d99dca057b0e7fa8e8a6f5c7.jpeg?resolver=storage,https://locator-backend.tradedealer.ru/media/cache/resolve/gallery_preview_vdp_desktop/tradeins.space/uploads/models_gallery_image/16318/11b9f671fe4e1164dd17e29da6da33278440977a.jpeg?resolver=storage,https://locator-backend.tradedealer.ru/media/cache/resolve/gallery_preview_vdp_desktop/tradeins.space/uploads/models_gallery_image/16319/0980e73e8784e52ec39ddcafdab122cbf4fa9132.jpeg?resolver=storage,https://locator-backend.tradedealer.ru/media/cache/resolve/gallery_preview_vdp_desktop/tradeins.space/uploads/models_gallery_image/16320/e1107732928569f4c6a162825f2958afed49e8b1.jpeg?resolver=storage,https://locator-backend.tradedealer.ru/media/cache/resolve/gallery_preview_vdp_desktop/tradeins.space/uploads/models_gallery_image/16321/5215b7a248b263c120c5b0516cd7cf6943fcb8aa.jpeg?resolver=storage,https://locator-backend.tradedealer.ru/media/cache/resolve/gallery_preview_vdp_desktop/tradeins.space/uploads/models_gallery_image/16323/9fbb9c1a66b0360a7e7973772dc2e92df4fc1591.jpeg?resolver=storage,https://locator-backend.tradedealer.ru/media/cache/resolve/gallery_preview_vdp_desktop/tradeins.space/uploads/models_gallery_image/16322/e2505265a93c47817c13e293abfecbe202545d1f.jpeg?resolver=storage,https://locator-backend.tradedealer.ru/media/cache/resolve/gallery_preview_vdp_desktop/tradeins.space/uploads/models_gallery_image/16914/17547dd6b09235e9e661229f4805f774857884ab.jpeg?resolver=storage,https://locator-backend.tradedealer.ru/media/cache/resolve/gallery_preview_vdp_desktop/tradeins.space/uploads/models_gallery_image/16915/62f023560ca0d5c64a5559cc87c3e770e60ae60a.jpeg?resolver=storage,https://locator-backend.tradedealer.ru/media/cache/resolve/gallery_preview_vdp_desktop/tradeins.space/uploads/models_gallery_image/16916/e1a7c2fae7effb5a875b6a98315bd159d37e5311.jpeg?resolver=storage,https://locator-backend.tradedealer.ru/media/cache/resolve/gallery_preview_vdp_desktop/tradeins.space/uploads/models_gallery_image/16917/52625f55badbb0953c657c4bbfdb47a1737b0e21.jpeg?resolver=storage,https://locator-backend.tradedealer.ru/media/cache/resolve/gallery_preview_vdp_desktop/tradeins.space/uploads/models_gallery_image/16918/d6b1ad3a543a1d90a48a739abaaded629595286e.jpeg?resolver=storage,https://locator-backend.tradedealer.ru/media/cache/resolve/gallery_preview_vdp_desktop/tradeins.space/uploads/models_gallery_image/16919/27b0475f21a0a13b167552fa33d1b03fbcddcf05.jpeg?resolver=storage,https://locator-backend.tradedealer.ru/media/cache/resolve/gallery_preview_vdp_desktop/tradeins.space/uploads/models_gallery_image/16315/c7beede79fd4129c4174680dd63bd58e2caf7b27.jpeg?resolver=storage,https://locator-backend.tradedealer.ru/media/cache/resolve/gallery_preview_vdp_desktop/tradeins.space/uploads/models_gallery_image/16313/3debe77070e1d9b7bd5d6546aca38ba6e7d71159.jpeg?resolver=storage,https://locator-backend.tradedealer.ru/media/cache/resolve/gallery_preview_vdp_desktop/tradeins.space/uploads/models_gallery_image/16314/65e40d43d8cb6c753fb52fdc17a54365f91f3e35.jpeg?resolver=storage",На центральном складе,6778000,Белый,2021,Внедорожник,5,2.8,200,4840,1885,1895,621,Дизель,87,7.9,9.6,6.9,175,9.9,"Боковые подножки с подсветкой,Брызговики передние и задние,Две эмблемы специальной серии «Black Onyx» на задних стойках автомобиля,Декоративная накладка на задней двери цвета «темный хром»,Декоративные накладки черного цвета на противотуманные фары,Задние фонари оригинального дизайна c черными вставками,Легкосплавные колесные диски,Люк с электроприводом,Накладка на задний бампер дизайна «Black Onyx»,Накладка на передний бампер дизайна «Black Onyx»,Обрамление решетки радиатора и фар цвета «темный хром»,Окантовка боковых стекол черного цвета,Омыватель фар,Полноразмерное запасное колесо,Рейлинги на крыше,Решетка радиатора черного глянцевого цвета,Светодиодные дневные ходовые огни,Светодиодные противотуманные фары,Светодиодные фары ближнего и дальнего света,Черные корпуса зеркал заднего вида,Шины 265/55 R19","4 камеры по периметру автомобиля с системой помощи при движении по бездорожью (Multi-terrain Monitor),Адаптивная регулируемая подвеска (AVS),Блокировка межосевого дифференциала,Вентиляция передних сидений,Гидроусилитель рулевого управления,Датчик дождя,Датчик света,Задние датчики парковки,Интеллектуальная система доступа в автомобиль и запуск двигателя нажатием кнопки Smart Entry & Push Start,Комплект резиновых ковриков для первого и второго рядов сидений,Мультифункциональное рулевое колесо с кожаной¹ обивкой и вставками «под дерево»,Обивка сидений кожей¹,Отделка салона вставками «под алюминий»,Отделка салона вставками «под дерево»,Охлаждаемая емкость в переднем центральном подлокотнике,Память водительского сиденья и рулевой колонки в 2 положениях,Передние датчики парковки,Передние и задние электростеклоподъемники,Пневматическая задняя подвеска (AHC),Подсветка в зоне ног водителя и переднего пасажира,Принудительная блокировка заднего межколесного дифференциала,Сиденье водителя с электрорегулировкой поясничной опоры,Система выбора режимов движения ECO/NORMAL/COMFORT/SPORT S/SPORT S+,Система мониторинга давления в шинах,Система стабилизации положения кузова (KDSS),Складываемые боковые зеркала заднего вида с электрорегулировкой и электроприводом складывания,Складываемый второй ряд сидений в пропорции 60:40,Трехзонный климат-контроль,Цветной дисплей на панели приборов TFT 4.2'',Центральный дифференциал повышенного трения TORSEN,Электропривод водительского сиденья в 8 направлениях,Электрорегулировка пассажирского сидения в 4 направлениях,Электрорегулировка рулевой колонки по вылету и по наклону,Электрохромное внутрисалонное зеркало заднего вида","Активные подголовники передних сидений,Антиблокировочная система (ABS),Боковые подушки безопасности,Коленная подушка безопасности водителя,Крепления ISOFIX для детских автокресел,Набор автомобилиста,Система вызова экстренных оперативных служб «Эра Глонасс»,Система курсовой устойчивости (VSC),Система распределения тормозного усилия (EBD),Усилитель экстренного торможения (BAS),Фронтальные подушки безопасности,Шторки безопасности","9” цветной LCD дисплей на центральной консоли,Аудиосистема премиум класса JBL с поддержкой MP3/WMA 14 динамиков,Коммуникационная система Bluetooth,Мультимедийная система нового поколения MM'19 с поддержкой Apple Carplay©  и Android Auto©,Навигационная система на русском языке,Разъем USB для подключения внешних устройств,Функции Toyota Connected Services","Датчик перемещения ключа, передающий сигнал в блок управления центральным замком для дополнительной защиты от угона,Иммобилайзер,Сигнализация с датчиками внутреннего объема и наклона автомобиля,Уникальный противоугонный идентификатор T-mark,Центральный замок с дистанционным управлением и двойной блокировкой","Догреватель двигателя (только для дизеля),Дополнительные воздуховоды для второго ряда сидений,Дополнительный электрический отопитель салона,Зеркала заднего вида с обогревом,Индикатор низкого уровня омывающей жидкости,Подогрев задних сидений,Подогрев передних сидений,Потолочные воздуховоды для задних пассажиров,Предпусковой подогреватель двигателя и салона с функцией дистанционного управления (только для дизеля),Электрообогрев лобового стекла,Электрообогрев рулевого колеса,Электрообогрев форсунок стеклоомывателя",,"1300000<section>Охранно-поисковый комплекс «Цезарь Platinum X+» или «DELTA SYSTEMS 5» или «Элемент Максимум PRO» + Эксклюзивная сервисная карта «РАЛЛИ» + Комплект защитных сеток радиатора, Обработка днища напыляемой шумоизоляцией с защитой от коррозии и гравия,  Защитное керамическое покрытие кузова Ceramic 9H длительного срока действия, обработка салона, обработка лобового стекла составом Антидождь, Комплект подкрылков<separator>",Toyota,Land Cruiser Prado,Black Onyx (5 мест),Полный,"Москва, Ленинградское шоссе 23 км. (4 км от МКАД)","В комплектациях с кожаной обивкой салона применяется комбинация из натуральной и синтетической кожи.
Автомобили, представленные на фото, могут отличаться от автомобилей, доступных для заказа у официальных дилеров Тойота.
Автомобиль поступит в дилерский центр в срок от 1 до 40 дней. Точную дату доставки вы можете уточнить у сотрудника дилерского центра.
Автомобиль поступит в дилерский центр в срок от 7 до 150 дней. Точную дату доставки вы можете уточнить у сотрудника дилерского центра.
Цены, указанные на сайте, идут без учета дополнительно установленных аксессуаров. Наличие аксессуаров на выбранном авто, стоимость автомобиля вы можете уточнить у сотрудника дилерского центра.
"
https://toyota-major.ru/new-cars/new/toyota/land-cruiser-prado/n2454688,"https://locator-backend.tradedealer.ru/media/cache/resolve/cars_inset_photos_vdp_mobile/tradeins.space/uploads/photo/10834368/7b68f4f62af46d98cae928b1b7d2b300.png?resolver=storage,https://locator-backend.tradedealer.ru/media/cache/resolve/cars_inset_photos_vdp_mobile/tradeins.space/uploads/photo/10834356/1ae76e056a7d490f0a20e446d33670f9.png?resolver=storage,https://locator-backend.tradedealer.ru/media/cache/resolve/cars_inset_photos_vdp_mobile/tradeins.space/uploads/photo/10834340/d4ec9f0571011e14bec01787a91da60c.png?resolver=storage,https://locator-backend.tradedealer.ru/media/cache/resolve/cars_inset_photos_vdp_mobile/tradeins.space/uploads/photo/10834353/80fd8ffdced39a152d2f03ef4ca8bc63.png?resolver=storage,https://locator-backend.tradedealer.ru/media/cache/resolve/cars_inset_photos_vdp_mobile/tradeins.space/uploads/photo/10834339/23508cb005a40cff85a15264a40fbcee.png?resolver=storage,https://locator-backend.tradedealer.ru/media/cache/resolve/cars_inset_photos_vdp_mobile/tradeins.space/uploads/photo/10834341/5f8da5150064e8a16a67638a5dc9c76a.png?resolver=storage,https://locator-backend.tradedealer.ru/media/cache/resolve/cars_inset_photos_vdp_mobile/tradeins.space/uploads/photo/10834347/cc83ee8b0720e6b3ccf5813bd4e5d1a6.png?resolver=storage,https://locator-backend.tradedealer.ru/media/cache/resolve/cars_inset_photos_vdp_mobile/tradeins.space/uploads/photo/10834360/f2bec5a01f391c46ae43ac89484a2347.png?resolver=storage",https://www.youtube.com/embed/3PFG6n4FI_k,"https://locator-backend.tradedealer.ru/media/cache/resolve/gallery_preview_vdp_desktop/tradeins.space/uploads/models_gallery_image/16906/ab8ecac15e94b5141673d42381da5d8faef06d03.jpeg?resolver=storage,https://yc-images.tradedealer.net/gallery_preview_vdp_desktop/tradeins.space-uploads-models_gallery_image-16907-e2b64dd5c6ad32362c82f50657a48b6c03de073c.jpeg,https://yc-images.tradedealer.net/gallery_preview_vdp_desktop/tradeins.space-uploads-models_gallery_image-16908-f96f7d7e865e82cb0abcd3b98352f8e6e198d15a.jpeg,https://locator-backend.tradedealer.ru/media/cache/resolve/gallery_preview_vdp_desktop/tradeins.space/uploads/models_gallery_image/16909/c299c314910e06c9f43dcbd28b8cca3c366672a3.jpeg?resolver=storage,https://locator-backend.tradedealer.ru/media/cache/resolve/gallery_preview_vdp_desktop/tradeins.space/uploads/models_gallery_image/16303/d79262e86ea81144b490e58d72ada4bfa1f46fe3.jpeg?resolver=storage,https://locator-backend.tradedealer.ru/media/cache/resolve/gallery_preview_vdp_desktop/tradeins.space/uploads/models_gallery_image/16305/0999beb99eaa8163aa5449284f3a2d142579ce74.jpeg?resolver=storage,https://locator-backend.tradedealer.ru/media/cache/resolve/gallery_preview_vdp_desktop/tradeins.space/uploads/models_gallery_image/16301/dda8539d14c60820ba02c056e286d4fd1ae8fa1d.jpeg?resolver=storage,https://locator-backend.tradedealer.ru/media/cache/resolve/gallery_preview_vdp_desktop/tradeins.space/uploads/models_gallery_image/16302/087de0845ce54516292eb4d623a57c74a56e8627.jpeg?resolver=storage,https://locator-backend.tradedealer.ru/media/cache/resolve/gallery_preview_vdp_desktop/tradeins.space/uploads/models_gallery_image/16307/e134364ce7fa7de3a273e00c5729c5407e2f2a86.jpeg?resolver=storage,https://locator-backend.tradedealer.ru/media/cache/resolve/gallery_preview_vdp_desktop/tradeins.space/uploads/models_gallery_image/16306/77eda5a9c5d7d1f7eca032d3685ccbc47e511144.jpeg?resolver=storage,https://locator-backend.tradedealer.ru/media/cache/resolve/gallery_preview_vdp_desktop/tradeins.space/uploads/models_gallery_image/16300/505a477ed062ab292bcaaf20a84fad2edb463e3d.jpeg?resolver=storage,https://locator-backend.tradedealer.ru/media/cache/resolve/gallery_preview_vdp_desktop/tradeins.space/uploads/models_gallery_image/16299/0adf1d9271a70661bc260239a9876063442cd8d7.jpeg?resolver=storage,https://locator-backend.tradedealer.ru/media/cache/resolve/gallery_preview_vdp_desktop/tradeins.space/uploads/models_gallery_image/16304/02662f31c91e1cf4373bb7d23ec64d6dd3faa891.jpeg?resolver=storage,https://locator-backend.tradedealer.ru/media/cache/resolve/gallery_preview_vdp_desktop/tradeins.space/uploads/models_gallery_image/16308/704afaa5dfce802480d5979b3ee221759a585eb4.jpeg?resolver=storage,https://locator-backend.tradedealer.ru/media/cache/resolve/gallery_preview_vdp_desktop/tradeins.space/uploads/models_gallery_image/16309/d2aa2b9dc6fb443fdc7d5fa22ff017eaf7dda61c.jpeg?resolver=storage,https://locator-backend.tradedealer.ru/media/cache/resolve/gallery_preview_vdp_desktop/tradeins.space/uploads/models_gallery_image/16311/2f361f037bde2be119cdf1664c0e387649547cde.jpeg?resolver=storage,https://locator-backend.tradedealer.ru/media/cache/resolve/gallery_preview_vdp_desktop/tradeins.space/uploads/models_gallery_image/16310/be3b2dd236990fb86d6826a97a39862e6bf3632c.jpeg?resolver=storage,https://locator-backend.tradedealer.ru/media/cache/resolve/gallery_preview_vdp_desktop/tradeins.space/uploads/models_gallery_image/16312/ccefc293c1e3bb42ed7eba698515e0798c0b1709.jpeg?resolver=storage,https://locator-backend.tradedealer.ru/media/cache/resolve/gallery_preview_vdp_desktop/tradeins.space/uploads/models_gallery_image/16910/4e9d7ade743197ec3f8dd8deb0e7f6dca7449ae5.jpeg?resolver=storage,https://locator-backend.tradedealer.ru/media/cache/resolve/gallery_preview_vdp_desktop/tradeins.space/uploads/models_gallery_image/16911/655e983ad3c1508dab783f9624253e69ab580fae.jpeg?resolver=storage,https://locator-backend.tradedealer.ru/media/cache/resolve/gallery_preview_vdp_desktop/tradeins.space/uploads/models_gallery_image/16316/b64dbc207c9e084cc3f4f18411aaee8fc7b30e41.jpeg?resolver=storage,https://locator-backend.tradedealer.ru/media/cache/resolve/gallery_preview_vdp_desktop/tradeins.space/uploads/models_gallery_image/16912/857d836853c590ce288d88ebc685933695383e0b.jpeg?resolver=storage,https://locator-backend.tradedealer.ru/media/cache/resolve/gallery_preview_vdp_desktop/tradeins.space/uploads/models_gallery_image/16317/a044ba0939e71ae8ff21f061f6c6df0ed30e230b.jpeg?resolver=storage,https://locator-backend.tradedealer.ru/media/cache/resolve/gallery_preview_vdp_desktop/tradeins.space/uploads/models_gallery_image/16913/eb65755c7a3a28f2d99dca057b0e7fa8e8a6f5c7.jpeg?resolver=storage,https://locator-backend.tradedealer.ru/media/cache/resolve/gallery_preview_vdp_desktop/tradeins.space/uploads/models_gallery_image/16318/11b9f671fe4e1164dd17e29da6da33278440977a.jpeg?resolver=storage,https://locator-backend.tradedealer.ru/media/cache/resolve/gallery_preview_vdp_desktop/tradeins.space/uploads/models_gallery_image/16319/0980e73e8784e52ec39ddcafdab122cbf4fa9132.jpeg?resolver=storage,https://locator-backend.tradedealer.ru/media/cache/resolve/gallery_preview_vdp_desktop/tradeins.space/uploads/models_gallery_image/16320/e1107732928569f4c6a162825f2958afed49e8b1.jpeg?resolver=storage,https://locator-backend.tradedealer.ru/media/cache/resolve/gallery_preview_vdp_desktop/tradeins.space/uploads/models_gallery_image/16321/5215b7a248b263c120c5b0516cd7cf6943fcb8aa.jpeg?resolver=storage,https://locator-backend.tradedealer.ru/media/cache/resolve/gallery_preview_vdp_desktop/tradeins.space/uploads/models_gallery_image/16323/9fbb9c1a66b0360a7e7973772dc2e92df4fc1591.jpeg?resolver=storage,https://locator-backend.tradedealer.ru/media/cache/resolve/gallery_preview_vdp_desktop/tradeins.space/uploads/models_gallery_image/16322/e2505265a93c47817c13e293abfecbe202545d1f.jpeg?resolver=storage,https://locator-backend.tradedealer.ru/media/cache/resolve/gallery_preview_vdp_desktop/tradeins.space/uploads/models_gallery_image/16914/17547dd6b09235e9e661229f4805f774857884ab.jpeg?resolver=storage,https://locator-backend.tradedealer.ru/media/cache/resolve/gallery_preview_vdp_desktop/tradeins.space/uploads/models_gallery_image/16915/62f023560ca0d5c64a5559cc87c3e770e60ae60a.jpeg?resolver=storage,https://locator-backend.tradedealer.ru/media/cache/resolve/gallery_preview_vdp_desktop/tradeins.space/uploads/models_gallery_image/16916/e1a7c2fae7effb5a875b6a98315bd159d37e5311.jpeg?resolver=storage,https://locator-backend.tradedealer.ru/media/cache/resolve/gallery_preview_vdp_desktop/tradeins.space/uploads/models_gallery_image/16917/52625f55badbb0953c657c4bbfdb47a1737b0e21.jpeg?resolver=storage,https://locator-backend.tradedealer.ru/media/cache/resolve/gallery_preview_vdp_desktop/tradeins.space/uploads/models_gallery_image/16918/d6b1ad3a543a1d90a48a739abaaded629595286e.jpeg?resolver=storage,https://locator-backend.tradedealer.ru/media/cache/resolve/gallery_preview_vdp_desktop/tradeins.space/uploads/models_gallery_image/16919/27b0475f21a0a13b167552fa33d1b03fbcddcf05.jpeg?resolver=storage,https://locator-backend.tradedealer.ru/media/cache/resolve/gallery_preview_vdp_desktop/tradeins.space/uploads/models_gallery_image/16315/c7beede79fd4129c4174680dd63bd58e2caf7b27.jpeg?resolver=storage,https://locator-backend.tradedealer.ru/media/cache/resolve/gallery_preview_vdp_desktop/tradeins.space/uploads/models_gallery_image/16313/3debe77070e1d9b7bd5d6546aca38ba6e7d71159.jpeg?resolver=storage,https://locator-backend.tradedealer.ru/media/cache/resolve/gallery_preview_vdp_desktop/tradeins.space/uploads/models_gallery_image/16314/65e40d43d8cb6c753fb52fdc17a54365f91f3e35.jpeg?resolver=storage",На центральном складе,6765000,Черный,2021,Внедорожник,5,2.8,200,4840,1885,1895,621,Дизель,87,7.9,9.6,6.9,175,9.9,"Боковые подножки с подсветкой,Брызговики передние и задние,Две эмблемы специальной серии «Black Onyx» на задних стойках автомобиля,Декоративная накладка на задней двери цвета «темный хром»,Декоративные накладки черного цвета на противотуманные фары,Задние фонари оригинального дизайна c черными вставками,Легкосплавные колесные диски,Люк с электроприводом,Накладка на задний бампер дизайна «Black Onyx»,Накладка на передний бампер дизайна «Black Onyx»,Обрамление решетки радиатора и фар цвета «темный хром»,Окантовка боковых стекол черного цвета,Омыватель фар,Полноразмерное запасное колесо,Рейлинги на крыше,Решетка радиатора черного глянцевого цвета,Светодиодные дневные ходовые огни,Светодиодные противотуманные фары,Светодиодные фары ближнего и дальнего света,Черные корпуса зеркал заднего вида,Шины 265/55 R19","4 камеры по периметру автомобиля с системой помощи при движении по бездорожью (Multi-terrain Monitor),Адаптивная регулируемая подвеска (AVS),Блокировка межосевого дифференциала,Вентиляция передних сидений,Гидроусилитель рулевого управления,Датчик дождя,Датчик света,Задние датчики парковки,Интеллектуальная система доступа в автомобиль и запуск двигателя нажатием кнопки Smart Entry & Push Start,Комплект резиновых ковриков для первого и второго рядов сидений,Мультифункциональное рулевое колесо с кожаной¹ обивкой и вставками «под дерево»,Обивка сидений кожей¹,Отделка салона вставками «под алюминий»,Отделка салона вставками «под дерево»,Охлаждаемая емкость в переднем центральном подлокотнике,Память водительского сиденья и рулевой колонки в 2 положениях,Передние датчики парковки,Передние и задние электростеклоподъемники,Пневматическая задняя подвеска (AHC),Подсветка в зоне ног водителя и переднего пасажира,Принудительная блокировка заднего межколесного дифференциала,Сиденье водителя с электрорегулировкой поясничной опоры,Система выбора режимов движения ECO/NORMAL/COMFORT/SPORT S/SPORT S+,Система мониторинга давления в шинах,Система стабилизации положения кузова (KDSS),Складываемые боковые зеркала заднего вида с электрорегулировкой и электроприводом складывания,Складываемый второй ряд сидений в пропорции 60:40,Трехзонный климат-контроль,Цветной дисплей на панели приборов TFT 4.2'',Центральный дифференциал повышенного трения TORSEN,Электропривод водительского сиденья в 8 направлениях,Электрорегулировка пассажирского сидения в 4 направлениях,Электрорегулировка рулевой колонки по вылету и по наклону,Электрохромное внутрисалонное зеркало заднего вида","Активные подголовники передних сидений,Антиблокировочная система (ABS),Боковые подушки безопасности,Коленная подушка безопасности водителя,Крепления ISOFIX для детских автокресел,Набор автомобилиста,Система вызова экстренных оперативных служб «Эра Глонасс»,Система курсовой устойчивости (VSC),Система распределения тормозного усилия (EBD),Усилитель экстренного торможения (BAS),Фронтальные подушки безопасности,Шторки безопасности","9” цветной LCD дисплей на центральной консоли,Аудиосистема премиум класса JBL с поддержкой MP3/WMA 14 динамиков,Коммуникационная система Bluetooth,Мультимедийная система нового поколения MM'19 с поддержкой Apple Carplay©  и Android Auto©,Навигационная система на русском языке,Разъем USB для подключения внешних устройств,Функции Toyota Connected Services","Датчик перемещения ключа, передающий сигнал в блок управления центральным замком для дополнительной защиты от угона,Иммобилайзер,Сигнализация с датчиками внутреннего объема и наклона автомобиля,Уникальный противоугонный идентификатор T-mark,Центральный замок с дистанционным управлением и двойной блокировкой","Догреватель двигателя (только для дизеля),Дополнительные воздуховоды для второго ряда сидений,Дополнительный электрический отопитель салона,Зеркала заднего вида с обогревом,Индикатор низкого уровня омывающей жидкости,Подогрев задних сидений,Подогрев передних сидений,Потолочные воздуховоды для задних пассажиров,Предпусковой подогреватель двигателя и салона с функцией дистанционного управления (только для дизеля),Электрообогрев лобового стекла,Электрообогрев рулевого колеса,Электрообогрев форсунок стеклоомывателя",,"1300000<section>Охранно-поисковый комплекс «Цезарь Platinum X+» или «DELTA SYSTEMS 5» или «Элемент Максимум PRO» + Эксклюзивная сервисная карта «РАЛЛИ» + Комплект защитных сеток радиатора, Обработка днища напыляемой шумоизоляцией с защитой от коррозии и гравия,  Защитное керамическое покрытие кузова Ceramic 9H длительного срока действия, обработка салона, обработка лобового стекла составом Антидождь, Комплект подкрылков<separator>",Toyota,Land Cruiser Prado,Black Onyx (5 мест),Полный,"Москва, Сокольнический вал, д. 1 л","В комплектациях с кожаной обивкой салона применяется комбинация из натуральной и синтетической кожи.
Автомобили, представленные на фото, могут отличаться от автомобилей, доступных для заказа у официальных дилеров Тойота.
Автомобиль поступит в дилерский центр в срок от 1 до 40 дней. Точную дату доставки вы можете уточнить у сотрудника дилерского центра.
Автомобиль поступит в дилерский центр в срок от 7 до 150 дней. Точную дату доставки вы можете уточнить у сотрудника дилерского центра.
Цены, указанные на сайте, идут без учета дополнительно установленных аксессуаров. Наличие аксессуаров на выбранном авто, стоимость автомобиля вы можете уточнить у сотрудника дилерского центра.
"
https://toyota-major.ru/new-cars/new/toyota/new-rav4/n2464038,"https://locator-backend.tradedealer.ru/media/cache/resolve/cars_inset_photos_vdp_mobile/tradeins.space/uploads/photo/7632257/527b34c336b379871abacd83f03fda94.png?resolver=storage,https://locator-backend.tradedealer.ru/media/cache/resolve/cars_inset_photos_vdp_mobile/tradeins.space/uploads/photo/7632267/29578acd2548003810990b8b4ea40075.png?resolver=storage,https://locator-backend.tradedealer.ru/media/cache/resolve/cars_inset_photos_vdp_mobile/tradeins.space/uploads/photo/7632287/e1ece187f7c5d23e85eb1af2d69e2f6b.png?resolver=storage,https://locator-backend.tradedealer.ru/media/cache/resolve/cars_inset_photos_vdp_mobile/tradeins.space/uploads/photo/7632268/726a47b6fb3be7b46fc146021a073e1e.png?resolver=storage,https://locator-backend.tradedealer.ru/media/cache/resolve/cars_inset_photos_vdp_mobile/tradeins.space/uploads/photo/7632288/7fe3204096ba0261c0d0288e013e46cc.png?resolver=storage,https://locator-backend.tradedealer.ru/media/cache/resolve/cars_inset_photos_vdp_mobile/tradeins.space/uploads/photo/7632278/04c8969e705c28bc2c09561d7298fc50.png?resolver=storage,https://locator-backend.tradedealer.ru/media/cache/resolve/cars_inset_photos_vdp_mobile/tradeins.space/uploads/photo/7632269/b1904596ae5ae8c1704904fcfbab88b3.png?resolver=storage,https://locator-backend.tradedealer.ru/media/cache/resolve/cars_inset_photos_vdp_mobile/tradeins.space/uploads/photo/7632258/bc1d9f6c735b1fdfac61663d3bac7b13.png?resolver=storage","https://www.youtube.com/embed/kfEaSgLhGp8,https://www.youtube.com/embed/_MTBxuxJ-bE","https://yc-images.tradedealer.net/gallery_preview_vdp_desktop/tradeins.space-uploads-models_gallery_image-13552-f1b64c9cec05be0296e4aec465dc71803b3b5b52.jpeg,https://yc-images.tradedealer.net/gallery_preview_vdp_desktop/tradeins.space-uploads-models_gallery_image-13521-ec5ed2d9133efe2aa66f2391d2eadd29ee3af18c.jpeg,https://locator-backend.tradedealer.ru/media/cache/resolve/gallery_preview_vdp_desktop/tradeins.space/uploads/models_gallery_image/13553/a1d1d832f4da35ac043e02e62fc967bac8230607.jpeg?resolver=storage,https://locator-backend.tradedealer.ru/media/cache/resolve/gallery_preview_vdp_desktop/tradeins.space/uploads/models_gallery_image/13582/6dae0a1109e36043addeeab5b9658bdc32ec1edc.jpeg?resolver=storage,https://locator-backend.tradedealer.ru/media/cache/resolve/gallery_preview_vdp_desktop/tradeins.space/uploads/models_gallery_image/13554/d16e1684c023f0a9c34fc3a153b35c71bd0067c2.jpeg?resolver=storage,https://locator-backend.tradedealer.ru/media/cache/resolve/gallery_preview_vdp_desktop/tradeins.space/uploads/models_gallery_image/13556/3840def2c52bdfa536f919a547d33d587fdf7813.jpeg?resolver=storage,https://locator-backend.tradedealer.ru/media/cache/resolve/gallery_preview_vdp_desktop/tradeins.space/uploads/models_gallery_image/13557/e4521feb25815db97dd53a31d886c3946312c2db.jpeg?resolver=storage,https://locator-backend.tradedealer.ru/media/cache/resolve/gallery_preview_vdp_desktop/tradeins.space/uploads/models_gallery_image/13555/3896ebdfa699cb36ffaef07e598949aaf0a64b0b.jpeg?resolver=storage,https://locator-backend.tradedealer.ru/media/cache/resolve/gallery_preview_vdp_desktop/tradeins.space/uploads/models_gallery_image/16686/5b26ff70a046056267f6f5717d62b1f49457fe40.jpeg?resolver=storage,https://locator-backend.tradedealer.ru/media/cache/resolve/gallery_preview_vdp_desktop/tradeins.space/uploads/models_gallery_image/16685/e3152b0e4953157e7cb251bc4de8ba129e864392.jpeg?resolver=storage,https://locator-backend.tradedealer.ru/media/cache/resolve/gallery_preview_vdp_desktop/tradeins.space/uploads/models_gallery_image/13527/f27972a1ef9b4196d84428e6f5ee33728c6f14b6.jpeg?resolver=storage,https://locator-backend.tradedealer.ru/media/cache/resolve/gallery_preview_vdp_desktop/tradeins.space/uploads/models_gallery_image/13528/70c163585a0e5726ac121c96b5b9a90607ef80e0.jpeg?resolver=storage,https://locator-backend.tradedealer.ru/media/cache/resolve/gallery_preview_vdp_desktop/tradeins.space/uploads/models_gallery_image/13559/e1fd8ff8cb7e09e8ad5d88645936f4aef14fdac3.jpeg?resolver=storage,https://locator-backend.tradedealer.ru/media/cache/resolve/gallery_preview_vdp_desktop/tradeins.space/uploads/models_gallery_image/13560/e028f6b3a1e40d1fbbeb661cf07e756f986341f0.jpeg?resolver=storage,https://locator-backend.tradedealer.ru/media/cache/resolve/gallery_preview_vdp_desktop/tradeins.space/uploads/models_gallery_image/13529/137120a9d97b884cdcfaf6e14d9fff1a6ef33d15.jpeg?resolver=storage,https://locator-backend.tradedealer.ru/media/cache/resolve/gallery_preview_vdp_desktop/tradeins.space/uploads/models_gallery_image/13561/79fc541de446019026168cfad4083b12d42067c3.jpeg?resolver=storage,https://locator-backend.tradedealer.ru/media/cache/resolve/gallery_preview_vdp_desktop/tradeins.space/uploads/models_gallery_image/13558/bc016c7afa7297dcc789a71d544d536f277878cc.jpeg?resolver=storage",На центральном складе,2596000,Белый,2021,Кроссовер,5,2.0,149,4600,1855,1690,580,Бензин,55,6.8,8.6,5.7,190,9.8,"Брызговики передние и задние,Декоративная планка на задней двери цвета кузова,Задние противотуманные фары,Легкосплавные колесные диски,Молдинг на нижней части переднего и заднего бампера серебристого цвета,Наружные ручки дверей окрашенные в цвет кузова,Неполноразмерное запасное колесо (докатка),Омыватель фар,Светодиодные дневные ходовые огни,Светодиодные задние фонари,Светодиодные фары рефлекторного типа,Система головного освещения с автоматическим отключением «Follow me home»,Тонированные заднее и задние боковые стекла,Шины 225/65 R17","Боковые зеркала заднего вида c электрорегулировкой и электроприводом складывания,Газовые упоры капота,Датчик света,Датчики давления в шинах,Комплект резиновых ковриков для первого и второго рядов сидений,Мультифункциональное рулевое колесо с кожаной обивкой¹,Обивка сидений тканью,Передние и задние электростеклоподъемники с функцией «Auto»,Полиуретановый коврик багажного отделения,Регулировка рулевой колонки по вылету и наклону,Система выбора режима движения ECO/NORMAL/SPORT,Система кондиционирования с ручным управлением,Складываемый второй ряд сидений в пропорции 60:40,Складываемый задний подлокотник,Цветной дисплей на панели приборов TFT 4.2'',Центральный подлокотник,Шторка багажного отделения,Электромеханический стояночный тормоз,Электроусилитель рулевого управления (EPS)","Антиблокировочная система (ABS),Антипробуксовочная система (TRC),Система курсовой устойчивости VSC+: (VSC-EPS),Система помощи при подъеме по склону (HAC),Система стабилизации прицепа (TSC),Усилитель экстренного торможения (BAS),Электронная система распределения тормозных усилий (EBD)","7” цветной LCD дисплей на центральной консоли,USB разъем,Аудиосистема AM/FM с 6 динамиками,Коммуникационная система Bluetooth,Мультимедийная система нового поколения MM'19 с поддержкой Apple Carplay©  и Android Auto©","Датчик объема,Датчик разбития стекла 5-й двери,Иммобилайзер,Наклейки с VIN номером для дополнительной защиты от угона,Сигнализация,Уникальный противоугонный идентификатор T-Mark,Центральный замок с дистанционным управлением и двойной блокировкой","Боковые зеркала заднего вида с обогревом,Дополнительные воздуховоды для второго ряда сидений,Индикатор уровня омывающей жидкости,Обогрев передних сидений,Обогрев рулевого колеса,Обогрев форсунок стеклоомывателя,Электрообогрев лобового стекла в зоне стеклоочистителей","Боковые подушки безопасности для первого ряда сидений,Коленная подушка безопасности водителя,Крепления ISOFIX для детских автокресел,Набор автомобилиста,Система вызова экстренных оперативных служб «Эра Глонасс»,Фронтальные подушки безопасности,Шторки безопасности для всех рядов сидений",450000<section>Охранно-поисковый комплекс «Цезарь Омега X» или «DELTA SYSTEMS 4» или «Элемент Максимум»  + Эксклюзивная сервисная карта «КРОСС» +  Обработка днища напыляемой шумоизоляцией с защитой от коррозии и гравия<separator>,Toyota,RAV4,Стандарт,Передний,"Москва, Новорижское ш. 9 км от МКАД","В комплектациях с кожаной обивкой салона применяется комбинация из натуральной и синтетической кожи.
Автомобили, представленные на фото, могут отличаться от автомобилей, доступных для заказа у официальных дилеров Тойота.
Автомобиль поступит в дилерский центр в срок от 1 до 40 дней. Точную дату доставки вы можете уточнить у сотрудника дилерского центра.
Автомобиль поступит в дилерский центр в срок от 7 до 150 дней. Точную дату доставки вы можете уточнить у сотрудника дилерского центра.
Цены, указанные на сайте, идут без учета дополнительно установленных аксессуаров. Наличие аксессуаров на выбранном авто, стоимость автомобиля вы можете уточнить у сотрудника дилерского центра.
"