url,h1,title,description
https://www.binaryoptions.com/,Binaryoptions.com – ,Binaryoptions.com | The best site for Binary Options (2022),Binaryoptions.com - More than 10 years trading experience ✔ The best website for Binary Options 2022 ✔ Strategies ✔ Brokers ✔ Guides
https://www.binaryoptions.com,Binaryoptions.com – ,Binaryoptions.com | The best site for Binary Options (2022),Binaryoptions.com - More than 10 years trading experience ✔ The best website for Binary Options 2022 ✔ Strategies ✔ Brokers ✔ Guides
https://www.binaryoptions.com/broker/skrill/,Binary Options Brokers that accept Skrill for deposits and withdrawals,# 6 best Binary Options Brokers that accept Skrill (2022),The 6 best Binary Options Brokers that accept Skrill as payment method ✔ Deposit and withdrawal in Skrill 2022 ✔ List ✔ Tutorial ➔ Read more
https://www.binaryoptions.com/broker/brokers-that-accept-bitcoin/,3 best Binary Options brokers that accept Bitcoin,# 3 best Binary Options brokers that accept Bitcoin deposits,Find the 3 best Binary Options brokers that accept Bitcoin deposits ✓ Withdrawal and deposit crypto ✓ Professional platforms ➔ Read more!
https://www.binaryoptions.com/guide/deposit-money/,How to deposit money on a Binary Options broker: All payment methods,How to deposit money on a Binary Options broker: All payment methods: All Methods,How to deposit money on a Binary Options broker? ✔ Guide for new traders 2022 ✔ Deposit methods ➨ Read now!
https://www.binaryoptions.com/broker/debit-card/,Best Binary Options Brokers that accept Debit Cards for deposit and withdrawal,# Best Binary Options Brokers that accept Debit Cards 2022,The best Binary Options Brokers that accept Debit Cards 2022 ✔ Deposit ✔ Withdrawal ✔ Tutorial ✔ List of brokers ➔ Read more
https://www.binaryoptions.com/broker/spectre-ai/,"
Spectre.ai review – Is it a scam or not? – Test of the broker ",Spectre.ai review (2022) ++ Scam or not? | Broker test,Is Spectre.ai a scam or not? ✔ Review of the broker & test for new traders 2022 ✔ Trading conditions ✔ Assets ➔ Read now
https://www.binaryoptions.com/broker/videforex/,"
Videforex review – Is it a scam or not? – Test of the broker ",Videforex review 2022 ++ Is it a scam or not? | Broker test,Is Videforex a scam or not? ✔ Review of the broker & test for new traders 2022 ✔ Trading conditions ✔ Platform ➔ Read now
https://www.binaryoptions.com/broker/raceoption/,"
RaceOption review – Is it a scam or not? – Test of the broker ",RaceOption review (2022) ++ Scam or not? | Broker test,Is RaceOption a scam or not? ✓ Review of the broker & test for traders 2022 ✓ Trading tutorial ✓ Functions ➔ Read now
https://www.binaryoptions.com/broker/nadex/,"
Nadex review – Is it a scam or not? – Test of the broker ",Nadex review (2022) ++ Is it a scam or not? | Broker test,Is Nadex a good trading platform or not? ✔ Review of the broker & test for new traders and investors 2022 ✔ Conditions ✔ Assets ➔ Read more
https://www.binaryoptions.com/broker/pocket-option/,"
Pocket Option review – Is it a scam or not? – Test of the broker ",Pocket Option review (2022) ++ Scam or not? | Broker test,Is Pocket Option a scam or not? ✓ Pocket Option Review of the broker & test for traders 2022 ✓ Tutorial ✓ Trading conditions ➜ Read now!
https://www.binaryoptions.com/broker/iqcent/,"
IQcent review – Is it a scam or not? – Test of the broker ",IQcent review (2022) ++ Is it a scam or not? | Broker test,Is IQcent a scam or not? ✔ Review of the broker & test for new traders 2022 ✔ Assets ✔ ✔ Trading conditions ✔ Platform ➔ Read now
https://www.binaryoptions.com/broker/neteller/,The 5 best Binary Options Brokers that accept Neteller for deposit and withdrawals,# 5 best Binary Options Brokers that accept Neteller (2022),The 5 best Binary Options Brokers that accept Neteller in 2022 ✔ Deposit and withdrawals ✔ List ✔ Tutorial for beginners ➔ Read more
https://www.binaryoptions.com/broker/binarymate/,"
Binarymate review – Scam or not? – Test of the broker ",Binarymate review (2022) ++ Scam or not? | Broker test,How good is the broker Binarymate? ✔ Review of the broker & test for traders 2022 ✔ Trading conditions ✔ Platforms ➔ Read more
https://www.binaryoptions.com/broker/olymp-trade/,"
Olymp Trade review – Is it a scam or not? – Test of the broker ",Olymp Trade review (2022) ++ Scam or not? | Broker test,Is Olymp Trade a scam or not? ✓ Review of the broker & test for traders 2022 ✓ Trading tutorial [Video] ✓ Conditions ➜ Read now